,Scoring,Rank,Player,Team,Position
0,Standard Scoring,1,Justin Jefferson,MIN,WR1
1,Standard Scoring,2,Ja'Marr Chase,CIN,WR2
2,Standard Scoring,3,Travis Kelce,KC,TE1
3,Standard Scoring,4,Nick Chubb,CLE,RB1
4,Standard Scoring,5,Christian McCaffrey,SF,RB2
5,Standard Scoring,6,Austin Ekeler,LAC,RB3
6,Standard Scoring,7,Tyreek Hill,MIA,WR3
7,Standard Scoring,8,Cooper Kupp,LAR,WR4
8,Standard Scoring,9,Bijan Robinson,ATL,RB4
9,Standard Scoring,10,Derrick Henry,TEN,RB5
10,Standard Scoring,11,Stefon Diggs,BUF,WR5
11,Standard Scoring,12,A.J. Brown,PHI,WR6
12,Standard Scoring,13,CeeDee Lamb,DAL,WR7
13,Standard Scoring,14,Saquon Barkley,NYG,RB6
14,Standard Scoring,15,Jonathan Taylor,IND,RB7
15,Standard Scoring,16,Tony Pollard,DAL,RB8
16,Standard Scoring,17,Davante Adams,LV,WR8
17,Standard Scoring,18,Amon-Ra St. Brown,DET,WR9
18,Standard Scoring,19,Garrett Wilson,NYJ,WR10
19,Standard Scoring,20,Josh Jacobs,LV,RB9
20,Standard Scoring,21,Jaylen Waddle,MIA,WR11
21,Standard Scoring,22,Patrick Mahomes II,KC,QB1
22,Standard Scoring,23,Josh Allen,BUF,QB2
23,Standard Scoring,24,Chris Olave,NO,WR12
24,Standard Scoring,25,Jalen Hurts,PHI,QB3
25,Standard Scoring,26,Tee Higgins,CIN,WR13
26,Standard Scoring,27,Najee Harris,PIT,RB10
27,Standard Scoring,28,Travis Etienne Jr.,JAC,RB11
28,Standard Scoring,29,Joe Mixon,CIN,RB12
29,Standard Scoring,30,Amari Cooper,CLE,WR14
30,Standard Scoring,31,Rhamondre Stevenson,NE,RB13
31,Standard Scoring,32,DeVonta Smith,PHI,WR15
32,Standard Scoring,33,Mark Andrews,BAL,TE2
33,Standard Scoring,34,Deebo Samuel,SF,WR16
34,Standard Scoring,35,DK Metcalf,SEA,WR17
35,Standard Scoring,36,Lamar Jackson,BAL,QB4
36,Standard Scoring,37,Aaron Jones,GB,RB14
37,Standard Scoring,38,Kenneth Walker III,SEA,RB15
38,Standard Scoring,39,Jahmyr Gibbs,DET,RB16
39,Standard Scoring,40,Joe Burrow,CIN,QB5
40,Standard Scoring,41,Calvin Ridley,JAC,WR18
41,Standard Scoring,42,Breece Hall,NYJ,RB17
42,Standard Scoring,43,Miles Sanders,CAR,RB18
43,Standard Scoring,44,DJ Moore,CHI,WR19
44,Standard Scoring,45,Justin Fields,CHI,QB6
45,Standard Scoring,46,Christian Watson,GB,WR20
46,Standard Scoring,47,Keenan Allen,LAC,WR21
47,Standard Scoring,48,J.K. Dobbins,BAL,RB19
48,Standard Scoring,49,Jerry Jeudy,DEN,WR22
49,Standard Scoring,50,Justin Herbert,LAC,QB7
50,Standard Scoring,51,Cam Akers,LAR,RB20
51,Standard Scoring,52,Terry McLaurin,WAS,WR23
52,Standard Scoring,53,Alexander Mattison,MIN,RB21
53,Standard Scoring,54,DeAndre Hopkins,TEN,WR24
54,Standard Scoring,55,Dameon Pierce,HOU,RB22
55,Standard Scoring,56,Brandon Aiyuk,SF,WR25
56,Standard Scoring,57,Drake London,ATL,WR26
57,Standard Scoring,58,Mike Williams,LAC,WR27
58,Standard Scoring,59,James Conner,ARI,RB23
59,Standard Scoring,60,Trevor Lawrence,JAC,QB8
60,Standard Scoring,61,T.J. Hockenson,MIN,TE3
61,Standard Scoring,62,Tyler Lockett,SEA,WR28
62,Standard Scoring,63,Christian Kirk,JAC,WR29
63,Standard Scoring,64,David Montgomery,DET,RB24
64,Standard Scoring,65,Mike Evans,TB,WR30
65,Standard Scoring,66,Isiah Pacheco,KC,RB25
66,Standard Scoring,67,Chris Godwin,TB,WR31
67,Standard Scoring,68,Rachaad White,TB,RB26
68,Standard Scoring,69,Javonte Williams,DEN,RB27
69,Standard Scoring,70,James Cook,BUF,RB28
70,Standard Scoring,71,Diontae Johnson,PIT,WR32
71,Standard Scoring,72,George Kittle,SF,TE4
72,Standard Scoring,73,Alvin Kamara,NO,RB29
73,Standard Scoring,74,Marquise Brown,ARI,WR33
74,Standard Scoring,75,Michael Pittman Jr.,IND,WR34
75,Standard Scoring,76,Jahan Dotson,WAS,WR35
76,Standard Scoring,77,D'Andre Swift,PHI,RB30
77,Standard Scoring,78,Darren Waller,NYG,TE5
78,Standard Scoring,79,George Pickens,PIT,WR36
79,Standard Scoring,80,Dalvin Cook,NYJ,RB31
80,Standard Scoring,81,Gabe Davis,BUF,WR37
81,Standard Scoring,82,Kyle Pitts,ATL,TE6
82,Standard Scoring,83,Deshaun Watson,CLE,QB9
83,Standard Scoring,84,Khalil Herbert,CHI,RB32
84,Standard Scoring,85,Brian Robinson Jr.,WAS,RB33
85,Standard Scoring,86,Jordan Addison,MIN,WR38
86,Standard Scoring,87,AJ Dillon,GB,RB34
87,Standard Scoring,88,Jaxon Smith-Njigba,SEA,WR39
88,Standard Scoring,89,Dak Prescott,DAL,QB10
89,Standard Scoring,90,Dallas Goedert,PHI,TE7
90,Standard Scoring,91,Treylon Burks,TEN,WR40
91,Standard Scoring,92,Brandin Cooks,DAL,WR41
92,Standard Scoring,93,Tua Tagovailoa,MIA,QB11
93,Standard Scoring,94,Rashaad Penny,PHI,RB35
94,Standard Scoring,95,Daniel Jones,NYG,QB12
95,Standard Scoring,96,Courtland Sutton,DEN,WR42
96,Standard Scoring,97,Antonio Gibson,WAS,RB36
97,Standard Scoring,98,Jamaal Williams,NO,RB37
98,Standard Scoring,99,Quentin Johnston,LAC,WR43
99,Standard Scoring,100,Kirk Cousins,MIN,QB13
100,Standard Scoring,101,Elijah Moore,CLE,WR44
101,Standard Scoring,102,Geno Smith,SEA,QB14
102,Standard Scoring,103,Samaje Perine,DEN,RB38
103,Standard Scoring,104,Rashod Bateman,BAL,WR45
104,Standard Scoring,105,Zach Charbonnet,SEA,RB39
105,Standard Scoring,106,Kadarius Toney,KC,WR46
106,Standard Scoring,107,Zay Flowers,BAL,WR47
107,Standard Scoring,108,JuJu Smith-Schuster,NE,WR48
108,Standard Scoring,109,Michael Thomas,NO,WR49
109,Standard Scoring,110,Damien Harris,BUF,RB40
110,Standard Scoring,111,Pat Freiermuth,PIT,TE8
111,Standard Scoring,112,Elijah Mitchell,SF,RB41
112,Standard Scoring,113,Aaron Rodgers,NYJ,QB15
113,Standard Scoring,114,Evan Engram,JAC,TE9
114,Standard Scoring,115,Anthony Richardson,IND,QB16
115,Standard Scoring,116,David Njoku,CLE,TE10
116,Standard Scoring,117,Tyler Allgeier,ATL,RB42
117,Standard Scoring,118,Jakobi Meyers,LV,WR50
118,Standard Scoring,119,De'Von Achane,MIA,RB43
119,Standard Scoring,120,Skyy Moore,KC,WR51
120,Standard Scoring,121,Nico Collins,HOU,WR52
121,Standard Scoring,122,Jeff Wilson Jr.,MIA,RB44
122,Standard Scoring,123,Allen Lazard,NYJ,WR53
123,Standard Scoring,124,Jared Goff,DET,QB17
124,Standard Scoring,125,Raheem Mostert,MIA,RB45
125,Standard Scoring,126,Jameson Williams,DET,WR54
126,Standard Scoring,127,Jerick McKinnon,KC,RB46
127,Standard Scoring,128,Odell Beckham Jr.,BAL,WR55
128,Standard Scoring,129,Russell Wilson,DEN,QB18
129,Standard Scoring,130,Chigoziem Okonkwo,TEN,TE11
130,Standard Scoring,131,Devin Singletary,HOU,RB47
131,Standard Scoring,132,Dalton Schultz,HOU,TE12
132,Standard Scoring,133,D'Onta Foreman,CHI,RB48
133,Standard Scoring,134,Darnell Mooney,CHI,WR56
134,Standard Scoring,135,Jaylen Warren,PIT,RB49
135,Standard Scoring,136,Tyler Boyd,CIN,WR57
136,Standard Scoring,137,Greg Dulcich,DEN,TE13
137,Standard Scoring,138,Kenneth Gainwell,PHI,RB50
138,Standard Scoring,139,DJ Chark Jr.,CAR,WR58
139,Standard Scoring,140,Ezekiel Elliott,NE,RB51
140,Standard Scoring,141,Cole Kmet,CHI,TE14
141,Standard Scoring,142,Romeo Doubs,GB,WR59
142,Standard Scoring,143,Tank Bigsby,JAC,RB52
143,Standard Scoring,144,Tyler Higbee,LAR,TE15
144,Standard Scoring,145,Adam Thielen,CAR,WR60
145,Standard Scoring,146,Michael Gallup,DAL,WR61
146,Standard Scoring,147,Matthew Stafford,LAR,QB19
147,Standard Scoring,148,Kendre Miller,NO,RB53
148,Standard Scoring,149,Zay Jones,JAC,WR62
149,Standard Scoring,150,Derek Carr,NO,QB20
150,Standard Scoring,151,Gus Edwards,BAL,RB54
151,Standard Scoring,152,Rondale Moore,ARI,WR63
152,Standard Scoring,153,Roschon Johnson,CHI,RB55
153,Standard Scoring,154,Dalton Kincaid,BUF,TE16
154,Standard Scoring,155,Donovan Peoples-Jones,CLE,WR64
155,Standard Scoring,156,Gerald Everett,LAC,TE17
156,Standard Scoring,157,Kenny Pickett,PIT,QB21
157,Standard Scoring,158,Rashid Shaheed,NO,WR65
158,Standard Scoring,159,Chuba Hubbard,CAR,RB56
159,Standard Scoring,160,Juwan Johnson,NO,TE18
160,Standard Scoring,161,Alec Pierce,IND,WR66
161,Standard Scoring,162,Jordan Love,GB,QB22
162,Standard Scoring,163,San Francisco 49ers,SF,DST1
163,Standard Scoring,164,Jerome Ford,CLE,RB57
164,Standard Scoring,165,Dallas Cowboys,DAL,DST2
165,Standard Scoring,166,K.J. Osborn,MIN,WR67
166,Standard Scoring,167,Van Jefferson,LAR,WR68
167,Standard Scoring,168,Zamir White,LV,RB58
168,Standard Scoring,169,Taysom Hill,NO,TE19
169,Standard Scoring,170,Justin Tucker,BAL,K1
170,Standard Scoring,171,Curtis Samuel,WAS,WR69
171,Standard Scoring,172,Clyde Edwards-Helaire,KC,RB59
172,Standard Scoring,173,Isaiah Hodgins,NYG,WR70
173,Standard Scoring,174,Philadelphia Eagles,PHI,DST3
174,Standard Scoring,175,Buffalo Bills,BUF,DST4
175,Standard Scoring,176,Brock Purdy,SF,QB23
176,Standard Scoring,177,Bryce Young,CAR,QB24
177,Standard Scoring,178,Tyler Bass,BUF,K2
178,Standard Scoring,179,Marquez Valdes-Scantling,KC,WR71
179,Standard Scoring,180,Darius Slayton,NYG,WR72
180,Standard Scoring,181,New England Patriots,NE,DST5
181,Standard Scoring,182,Jonathan Mingo,CAR,WR73
182,Standard Scoring,183,DeVante Parker,NE,WR74
183,Standard Scoring,184,Harrison Butker,KC,K3
184,Standard Scoring,185,Cordarrelle Patterson,ATL,RB60
185,Standard Scoring,186,Chase Claypool,CHI,WR75
186,Standard Scoring,187,Kyler Murray,ARI,QB25
187,Standard Scoring,188,Evan McPherson,CIN,K4
188,Standard Scoring,189,New York Jets,NYJ,DST6
189,Standard Scoring,190,Sam LaPorta,DET,TE20
190,Standard Scoring,191,Daniel Carlson,LV,K5
191,Standard Scoring,192,Hunter Renfrow,LV,WR76
192,Standard Scoring,193,Baltimore Ravens,BAL,DST7
193,Standard Scoring,194,John Metchie III,HOU,WR77
194,Standard Scoring,195,Rashee Rice,KC,WR78
195,Standard Scoring,196,Joshua Kelley,LAC,RB61
196,Standard Scoring,197,Ryan Tannehill,TEN,QB26
197,Standard Scoring,198,Denver Broncos,DEN,DST8
198,Standard Scoring,199,Irv Smith Jr.,CIN,TE21
199,Standard Scoring,200,Dawson Knox,BUF,TE22
200,Standard Scoring,201,Kansas City Chiefs,KC,DST9
201,Standard Scoring,202,Tyjae Spears,TEN,RB62
202,Standard Scoring,203,Parris Campbell,NYG,WR79
203,Standard Scoring,204,Jayden Reed,GB,WR80
204,Standard Scoring,205,New Orleans Saints,NO,DST10
205,Standard Scoring,206,Mike Gesicki,NE,TE23
206,Standard Scoring,207,Hunter Henry,NE,TE24
207,Standard Scoring,208,Marvin Mims Jr.,DEN,WR81
208,Standard Scoring,209,Wan'Dale Robinson,NYG,WR82
209,Standard Scoring,210,Pittsburgh Steelers,PIT,DST11
210,Standard Scoring,211,Younghoe Koo,ATL,K6
211,Standard Scoring,212,Sam Howell,WAS,QB27
212,Standard Scoring,213,Mecole Hardman Jr.,NYJ,WR83
213,Standard Scoring,214,Jalin Hyatt,NYG,WR84
214,Standard Scoring,215,C.J. Stroud,HOU,QB28
215,Standard Scoring,216,Miami Dolphins,MIA,DST12
216,Standard Scoring,217,Jason Sanders,MIA,K7
217,Standard Scoring,218,Cincinnati Bengals,CIN,DST13
218,Standard Scoring,219,Leonard Fournette,FA,RB63
219,Standard Scoring,220,Tyquan Thornton,NE,WR85
220,Standard Scoring,221,Robert Woods,HOU,WR86
221,Standard Scoring,222,Allen Robinson II,PIT,WR87
222,Standard Scoring,223,Jimmy Garoppolo,LV,QB29
223,Standard Scoring,224,Joshua Palmer,LAC,WR88
224,Standard Scoring,225,Michael Carter,NYJ,RB64
225,Standard Scoring,226,Hayden Hurst,CAR,TE25
226,Standard Scoring,227,Kareem Hunt,FA,RB65
227,Standard Scoring,228,Brandon McManus,JAC,K8
228,Standard Scoring,229,Corey Davis,NYJ,WR89
229,Standard Scoring,230,Josh Downs,IND,WR90
230,Standard Scoring,231,Jake Elliott,PHI,K9
231,Standard Scoring,232,Jason Myers,SEA,K10
232,Standard Scoring,233,Mac Jones,NE,QB30
233,Standard Scoring,234,Terrace Marshall Jr.,CAR,WR91
234,Standard Scoring,235,Tampa Bay Buccaneers,TB,DST14
235,Standard Scoring,236,Chase Edmonds,TB,RB66
236,Standard Scoring,237,Washington Commanders,WAS,DST15
237,Standard Scoring,238,Trey McBride,ARI,TE26
238,Standard Scoring,239,Cleveland Browns,CLE,DST16
239,Standard Scoring,240,Pierre Strong Jr.,NE,RB67
240,Standard Scoring,241,Green Bay Packers,GB,DST17
241,Standard Scoring,242,Los Angeles Chargers,LAC,DST18
242,Standard Scoring,243,Matt Gay,IND,K11
243,Standard Scoring,244,Chase Brown,CIN,RB68
244,Standard Scoring,245,Graham Gano,NYG,K12
245,Standard Scoring,246,Noah Fant,SEA,TE27
246,Standard Scoring,247,Zach Evans,LAR,RB69
247,Standard Scoring,248,Greg Joseph,MIN,K13
248,Standard Scoring,249,Khalil Shakir,BUF,WR92
249,Standard Scoring,250,Desmond Ridder,ATL,QB31
250,Standard Scoring,251,Greg Zuerlein,NYJ,K14
251,Standard Scoring,252,Kyren Williams,LAR,RB70
252,Standard Scoring,253,Michael Mayer,LV,TE28
253,Standard Scoring,254,Nick Folk,NE,K15
254,Standard Scoring,255,Indianapolis Colts,IND,DST19
255,Standard Scoring,256,Jacksonville Jaguars,JAC,DST20
256,Standard Scoring,257,Jelani Woods,IND,TE29
257,Standard Scoring,258,Zach Ertz,ARI,TE30
258,Standard Scoring,259,Isaiah Spiller,LAC,RB71
259,Standard Scoring,260,Richie James Jr.,KC,WR93
260,Standard Scoring,261,Marvin Jones Jr.,DET,WR94
261,Standard Scoring,262,Wil Lutz,NO,K16
262,Standard Scoring,263,Israel Abanikanda,NYJ,RB72
263,Standard Scoring,264,Ty Chandler,MIN,RB73
264,Standard Scoring,265,Mack Hollins,ATL,WR95
265,Standard Scoring,266,Josh Reynolds,DET,WR96
266,Standard Scoring,267,Isaiah Likely,BAL,TE31
267,Standard Scoring,268,Russell Gage,TB,WR97
268,Standard Scoring,269,Tank Dell,HOU,WR98
269,Standard Scoring,270,Sterling Shepard,NYG,WR99
270,Standard Scoring,271,Matt Prater,ARI,K17
271,Standard Scoring,272,Zack Moss,IND,RB74
272,Standard Scoring,273,Malik Davis,DAL,RB75
273,Standard Scoring,274,Kendrick Bourne,NE,WR100
274,Standard Scoring,275,Jake Ferguson,DAL,TE32
275,Standard Scoring,276,Carolina Panthers,CAR,DST21
276,Standard Scoring,277,Los Angeles Rams,LAR,DST22
277,Standard Scoring,278,Latavius Murray,BUF,RB76
278,Standard Scoring,279,Boston Scott,PHI,RB77
279,Standard Scoring,280,Cade Otton,TB,TE33
280,Standard Scoring,281,Chris Boswell,PIT,K18
281,Standard Scoring,282,Riley Patterson,DET,K19
282,Standard Scoring,283,Deuce Vaughn,DAL,RB78
283,Standard Scoring,284,DeWayne McBride,MIN,RB79
284,Standard Scoring,285,Baker Mayfield,TB,QB32
285,Standard Scoring,286,Seattle Seahawks,SEA,DST23
286,Standard Scoring,287,D'Ernest Johnson,JAC,RB80
287,Standard Scoring,288,Evan Hull,IND,RB81
288,Standard Scoring,289,Isaiah McKenzie,IND,WR101
289,Standard Scoring,290,Logan Thomas,WAS,TE34
290,Standard Scoring,291,Jake Moody,SF,K20
291,Standard Scoring,292,Matt Breida,NYG,RB82
292,Standard Scoring,293,Luke Musgrave,GB,TE35
293,Standard Scoring,294,Laviska Shenault Jr.,CAR,WR102
294,Standard Scoring,295,Zonovan Knight,NYJ,RB83
295,Standard Scoring,296,Keaontay Ingram,ARI,RB84
296,Standard Scoring,297,New York Giants,NYG,DST24
297,Standard Scoring,298,Dustin Hopkins,LAC,K21
298,Standard Scoring,299,Quez Watkins,PHI,WR103
299,Standard Scoring,300,Jordan Mason,SF,RB85
300,Standard Scoring,301,Tyler Conklin,NYJ,TE36
301,Standard Scoring,302,Tennessee Titans,TEN,DST25
302,Standard Scoring,303,Kayshon Boutte,NE,WR104
303,Standard Scoring,304,Puka Nacua,LAR,WR105
304,Standard Scoring,305,Cedric Tillman,CLE,WR106
305,Standard Scoring,306,Ronald Jones II,DAL,RB86
306,Standard Scoring,307,Cairo Santos,CHI,K22
307,Standard Scoring,308,Justyn Ross,KC,WR107
308,Standard Scoring,309,JaMycal Hasty,JAC,RB87
309,Standard Scoring,310,Braxton Berrios,MIA,WR108
310,Standard Scoring,311,Sean Tucker,TB,RB88
311,Standard Scoring,312,Devin Duvernay,BAL,WR109
312,Standard Scoring,313,James Robinson,NYG,RB89
313,Standard Scoring,314,Ka'imi Fairbairn,HOU,K23
314,Standard Scoring,315,Nick Westbrook-Ikhine,TEN,WR110
315,Standard Scoring,316,Detroit Lions,DET,DST26
316,Standard Scoring,317,Michael Wilson,ARI,WR111
317,Standard Scoring,318,Tyrion Davis-Price,SF,RB90
318,Standard Scoring,319,Daniel Bellinger,NYG,TE37
319,Standard Scoring,320,David Bell,CLE,WR112
320,Standard Scoring,321,Austin Hooper,LV,TE38
321,Standard Scoring,322,Chris Evans,CIN,RB91
322,Standard Scoring,323,Eric Gray,NYG,RB92
323,Standard Scoring,324,Trey Lance,SF,QB33
324,Standard Scoring,325,Michael Badgley,WAS,K24
325,Standard Scoring,326,Minnesota Vikings,MIN,DST27
326,Standard Scoring,327,Greg Dortch,ARI,WR113
327,Standard Scoring,328,Cade York,CLE,K25
328,Standard Scoring,329,Hassan Haskins,TEN,RB93
329,Standard Scoring,330,Trayveon Williams,CIN,RB94
330,Standard Scoring,331,Nelson Agholor,BAL,WR114
331,Standard Scoring,332,Melvin Gordon III,BAL,RB95
332,Standard Scoring,333,Tutu Atwell,LAR,WR115
333,Standard Scoring,334,Cameron Dicker,LAC,K26
334,Standard Scoring,335,Brett Maher,DEN,K27
335,Standard Scoring,336,Robbie Gould,FA,K28
336,Standard Scoring,337,Ryan Succop,FA,K29
337,Standard Scoring,338,DeeJay Dallas,SEA,RB96
338,Standard Scoring,339,Jacoby Brissett,WAS,QB34
339,Standard Scoring,340,KJ Hamler,FA,WR116
340,Standard Scoring,341,Kyle Philips,TEN,WR117
341,Standard Scoring,342,Deonte Harty,BUF,WR118
342,Standard Scoring,343,Salvon Ahmed,MIA,RB97
343,Standard Scoring,344,Robbie Chosen,MIA,WR119
344,Standard Scoring,345,Robert Tonyan,CHI,TE39
345,Standard Scoring,346,Deneric Prince,KC,RB98
346,Standard Scoring,347,Eddy Pineiro,CAR,K30
347,Standard Scoring,348,Deon Jackson,IND,RB99
348,Standard Scoring,349,Ke'Shawn Vaughn,TB,RB100
349,Standard Scoring,350,Will Levis,TEN,QB35
350,Standard Scoring,351,Albert Okwuegbunam,DEN,TE40
351,Standard Scoring,352,Luke Schoonmaker,DAL,TE41
352,Standard Scoring,353,Jonnu Smith,ATL,TE42
353,Standard Scoring,354,Myles Gaskin,MIA,RB101
354,Standard Scoring,355,Kenny McIntosh,SEA,RB102
355,Standard Scoring,356,Kenyan Drake,IND,RB103
356,Standard Scoring,357,Jauan Jennings,SF,WR120
357,Standard Scoring,358,Foster Moreau,NO,TE43
358,Standard Scoring,359,Xavier Hutchinson,HOU,WR121
359,Standard Scoring,360,Colt McCoy,ARI,QB36
360,Standard Scoring,361,Jamison Crowder,NYG,WR122
361,Standard Scoring,362,Adam Trautman,DEN,TE44
362,Standard Scoring,363,A.T. Perry,NO,WR123
363,Standard Scoring,364,Kyle Trask,TB,QB37
364,Standard Scoring,365,Tristan Vizcaino,FA,K31
365,Standard Scoring,366,Rodrigo Blankenship,TB,K32
366,Standard Scoring,367,J.D. McKissic,FA,RB104
367,Standard Scoring,368,Noah Brown,HOU,WR124
368,Standard Scoring,369,Darnell Washington,PIT,TE45
369,Standard Scoring,370,Chris Rodriguez Jr.,WAS,RB105
370,Standard Scoring,371,Mason Crosby,FA,K33
371,Standard Scoring,372,Arizona Cardinals,ARI,DST28
372,Standard Scoring,373,Raheem Blackshear,CAR,RB106
373,Standard Scoring,374,Ben Skowronek,LAR,WR125
374,Standard Scoring,375,Donald Parham Jr.,LAC,TE46
375,Standard Scoring,376,Kene Nwangwu,MIN,RB107
376,Standard Scoring,377,Tucker Kraft,GB,TE47
377,Standard Scoring,378,Will Dissly,SEA,TE48
378,Standard Scoring,379,Kalif Raymond,DET,WR126
379,Standard Scoring,380,Tyler Scott,CHI,WR127
380,Standard Scoring,381,Julio Jones,FA,WR128
381,Standard Scoring,382,Calvin Austin III,PIT,WR129
382,Standard Scoring,383,Olamide Zaccheaus,PHI,WR130
383,Standard Scoring,384,Gardner Minshew II,IND,QB38
384,Standard Scoring,385,Noah Gray,KC,TE49
385,Standard Scoring,386,Kevin Harris,NE,RB108
386,Standard Scoring,387,Jalen Tolbert,DAL,WR131
387,Standard Scoring,388,Jarvis Landry,FA,WR132
388,Standard Scoring,389,Trent Sherfield,BUF,WR133
389,Standard Scoring,390,Dontrell Hilliard,FA,RB109
390,Standard Scoring,391,Sam Darnold,SF,QB39
391,Standard Scoring,392,Marquez Callaway,DEN,WR134
392,Standard Scoring,393,Ty Montgomery,NE,RB110
393,Standard Scoring,394,Ameer Abdullah,LV,RB111
394,Standard Scoring,395,Cedrick Wilson Jr.,MIA,WR135
395,Standard Scoring,396,Atlanta Falcons,ATL,DST29
396,Standard Scoring,397,Chad Ryland,NE,K34
397,Standard Scoring,398,Houston Texans,HOU,DST30
398,Standard Scoring,399,Chris Moore,TEN,WR136
399,Standard Scoring,400,Darrell Henderson Jr.,FA,RB112
400,Standard Scoring,401,Randall Cobb,NYJ,WR137
401,Standard Scoring,402,Corey Clement,ARI,RB113
402,Standard Scoring,403,Brandon Aubrey,DAL,K35
403,Standard Scoring,404,Brevin Jordan,HOU,TE50
404,Standard Scoring,405,Rico Dowdle,DAL,RB114
405,Standard Scoring,406,Joey Slye,WAS,K36
406,Standard Scoring,407,Cole Turner,WAS,TE51
407,Standard Scoring,408,Mo Alie-Cox,IND,TE52
408,Standard Scoring,409,Durham Smythe,MIA,TE53
409,Standard Scoring,410,Dyami Brown,WAS,WR138
410,Standard Scoring,411,C.J. Uzomah,NYJ,TE54
411,Standard Scoring,412,Denzel Mims,DET,WR139
412,Standard Scoring,413,Chicago Bears,CHI,DST31
413,Standard Scoring,414,Justin Watson,KC,WR140
414,Standard Scoring,415,Justice Hill,BAL,RB115
415,Standard Scoring,416,Jamal Agnew,JAC,WR141
416,Standard Scoring,417,Trey Palmer,TB,WR142
417,Standard Scoring,418,Mark Ingram II,FA,RB116
418,Standard Scoring,419,Chase McLaughlin,TB,K37
419,Standard Scoring,420,Darrel Williams,NO,RB117
420,Standard Scoring,421,Taylor Heinicke,ATL,QB40
421,Standard Scoring,422,Craig Reynolds,DET,RB118
422,Standard Scoring,423,Harrison Bryant,CLE,TE55
423,Standard Scoring,424,Kenny Golladay,FA,WR143
424,Standard Scoring,425,Demarcus Robinson,LAR,WR144
425,Standard Scoring,426,Anders Carlson,GB,K38
426,Standard Scoring,427,Demario Douglas,NE,WR145
427,Standard Scoring,428,Jameis Winston,NO,QB41
428,Standard Scoring,429,Rex Burkhead,FA,RB119
429,Standard Scoring,430,Mike Boone,HOU,RB120
430,Standard Scoring,431,Tanner Brown,LAR,K39
431,Standard Scoring,432,Parker Washington,JAC,WR146
432,Standard Scoring,433,Ty Johnson,FA,RB121
433,Standard Scoring,434,Samori Toure,GB,WR147
434,Standard Scoring,435,Scott Miller,ATL,WR148
435,Standard Scoring,436,Keaton Mitchell,BAL,RB122
436,Standard Scoring,437,Peyton Hendershot,DAL,TE56
437,Standard Scoring,438,Charlie Jones,CIN,WR149
438,Standard Scoring,439,Bailey Zappe,NE,QB42
439,Standard Scoring,440,Trenton Irwin,CIN,WR150
440,Standard Scoring,441,Clayton Tune,ARI,QB43
441,Standard Scoring,442,DeAndre Carter,LV,WR151
442,Standard Scoring,443,Kylen Granson,IND,TE57
443,Standard Scoring,444,Jordan Akins,CLE,TE58
444,Standard Scoring,445,Jeremy Ruckert,NYJ,TE59
445,Standard Scoring,446,Caleb Shudak,TEN,K40
446,Standard Scoring,447,Mike White,MIA,QB44
447,Standard Scoring,448,Las Vegas Raiders,LV,DST32
448,Standard Scoring,449,Tyler Davis,FA,K41
449,Standard Scoring,450,Trey Sermon,PHI,RB123
450,Standard Scoring,451,Demetric Felton Jr.,CLE,RB124
451,Standard Scoring,452,Josh Oliver,MIN,TE60
452,Standard Scoring,453,Dontayvion Wicks,GB,WR152
453,Standard Scoring,454,Brandon Bolden,LV,RB125
454,Standard Scoring,455,Elliott Fry,FA,K42
455,Standard Scoring,456,Jalen Guyton,LAC,WR153
456,Standard Scoring,457,David Moore,TB,WR154
457,Standard Scoring,458,Elijah Higgins,MIA,TE61
458,Standard Scoring,459,Zach Pascal,ARI,WR155
459,Standard Scoring,460,Tyler Badie,DEN,RB126
460,Standard Scoring,461,Kyle Juszczyk,SF,RB127
461,Standard Scoring,462,Andrei Iosivas,CIN,WR156
462,Standard Scoring,463,Julius Chestnut,TEN,RB128
463,Standard Scoring,464,Tony Jones Jr.,DEN,RB129
464,Standard Scoring,465,Randy Bullock,FA,K43
465,Standard Scoring,466,Zane Gonzalez,SF,K44
466,Standard Scoring,467,Justin Shorter,BUF,WR157
467,Standard Scoring,468,Jalen Nailor,MIN,WR158
468,Standard Scoring,469,Velus Jones Jr.,CHI,WR159
469,Standard Scoring,470,Tre'Quan Smith,NO,WR160
470,Standard Scoring,471,Anthony McFarland Jr.,PIT,RB130
471,Standard Scoring,472,Elijah Dotson,LAC,RB131
472,Standard Scoring,473,Equanimeous St. Brown,CHI,WR161
473,Standard Scoring,474,Brenton Strange,JAC,TE62
474,Standard Scoring,475,Quintez Cephus,DET,WR162
475,Standard Scoring,476,Carson Wentz,FA,QB45
476,Standard Scoring,477,Brock Wright,DET,TE63
477,Standard Scoring,478,Jonathan Ward,TEN,RB132
478,Standard Scoring,479,Ty'Son Williams,ARI,RB133
479,Standard Scoring,480,Brian Hoyer,LV,QB46
480,Standard Scoring,481,KhaDarel Hodge,ATL,WR163
481,Standard Scoring,482,Lew Nichols III,GB,RB134
482,Standard Scoring,483,Malik Willis,TEN,QB47
483,Standard Scoring,484,Marquise Goodwin,CLE,WR164
484,Standard Scoring,485,Tyler Huntley,BAL,QB48
485,Standard Scoring,486,O.J. Howard,FA,TE64
486,Standard Scoring,487,Andy Dalton,CAR,QB49
487,Standard Scoring,488,Ashton Dulin,IND,WR165
488,Standard Scoring,489,Jalen Reagor,MIN,WR166
489,Standard Scoring,490,Bryan Edwards,NO,WR167
490,Standard Scoring,491,Danny Gray,SF,WR168
491,Standard Scoring,492,Jarrett Stidham,DEN,QB50
492,Standard Scoring,493,James Mitchell,DET,TE65
493,Standard Scoring,494,Tommy Tremble,CAR,TE66
494,Standard Scoring,495,Tre Tucker,LV,WR169
495,Standard Scoring,496,Colby Parkinson,SEA,TE67
496,Standard Scoring,497,Travis Homer,CHI,RB135
497,Standard Scoring,498,Jonathan Williams,WAS,RB136
498,Standard Scoring,499,Mohamed Ibrahim,DET,RB137
499,Standard Scoring,500,Jaleel McLaughlin,DEN,RB138
500,Standard Scoring,501,Patrick Taylor Jr.,GB,RB139
501,Standard Scoring,502,John Bates,WAS,TE68
502,Standard Scoring,503,Trestan Ebner,CHI,RB140
503,Standard Scoring,504,Bryce Ford-Wheaton,NYG,WR170
504,Standard Scoring,505,Jimmy Graham,NO,TE69
505,Standard Scoring,506,Teagan Quitoriano,HOU,TE70
506,Standard Scoring,507,Erik Ezukanma,MIA,WR171
507,Standard Scoring,508,Kendall Hinton,DEN,WR172
508,Standard Scoring,509,Zach Wilson,NYJ,QB51
509,Standard Scoring,510,Dare Ogunbowale,HOU,RB141
510,Standard Scoring,511,Damien Williams,LV,RB142
511,Standard Scoring,512,Dan Arnold,PHI,TE71
512,Standard Scoring,513,Malik Cunningham,NE,QB52
513,Standard Scoring,514,Zack Kuntz,NYJ,TE72
514,Standard Scoring,515,Kendric Pryor,JAC,WR173
515,Standard Scoring,516,Eric Saubert,MIA,TE73
516,Standard Scoring,517,N'Keal Harry,MIN,WR174
517,Standard Scoring,518,Gary Brightwell,NYG,RB143
518,Standard Scoring,519,Shi Smith,CAR,WR175
519,Standard Scoring,520,KaVontae Turpin,DAL,WR176
520,Standard Scoring,521,Snoop Conner,JAC,RB144
521,Standard Scoring,522,Brittain Brown,LV,RB145
522,Standard Scoring,523,Ronnie Rivers,LAR,RB146
523,Standard Scoring,524,Hunter Long,LAR,TE74
524,Standard Scoring,525,Josh Whyle,TEN,TE75
525,Standard Scoring,526,Nick Mullens,MIN,QB53
0,Half PPR,1,Justin Jefferson,MIN,WR1
1,Half PPR,2,Christian McCaffrey,SF,RB1
2,Half PPR,3,Ja'Marr Chase,CIN,WR2
3,Half PPR,4,Austin Ekeler,LAC,RB2
4,Half PPR,5,Travis Kelce,KC,TE1
5,Half PPR,6,Tyreek Hill,MIA,WR3
6,Half PPR,7,Cooper Kupp,LAR,WR4
7,Half PPR,8,Bijan Robinson,ATL,RB3
8,Half PPR,9,Nick Chubb,CLE,RB4
9,Half PPR,10,Saquon Barkley,NYG,RB5
10,Half PPR,11,Stefon Diggs,BUF,WR5
11,Half PPR,12,Tony Pollard,DAL,RB6
12,Half PPR,13,CeeDee Lamb,DAL,WR6
13,Half PPR,14,Derrick Henry,TEN,RB7
14,Half PPR,15,A.J. Brown,PHI,WR7
15,Half PPR,16,Amon-Ra St. Brown,DET,WR8
16,Half PPR,17,Davante Adams,LV,WR9
17,Half PPR,18,Jonathan Taylor,IND,RB8
18,Half PPR,19,Garrett Wilson,NYJ,WR10
19,Half PPR,20,Josh Jacobs,LV,RB9
20,Half PPR,21,Jaylen Waddle,MIA,WR11
21,Half PPR,22,Chris Olave,NO,WR12
22,Half PPR,23,Rhamondre Stevenson,NE,RB10
23,Half PPR,24,Najee Harris,PIT,RB11
24,Half PPR,25,Joe Mixon,CIN,RB12
25,Half PPR,26,Patrick Mahomes II,KC,QB1
26,Half PPR,27,DeVonta Smith,PHI,WR13
27,Half PPR,28,Tee Higgins,CIN,WR14
28,Half PPR,29,Josh Allen,BUF,QB2
29,Half PPR,30,Mark Andrews,BAL,TE2
30,Half PPR,31,Jalen Hurts,PHI,QB3
31,Half PPR,32,Travis Etienne Jr.,JAC,RB13
32,Half PPR,33,DK Metcalf,SEA,WR15
33,Half PPR,34,Jahmyr Gibbs,DET,RB14
34,Half PPR,35,Aaron Jones,GB,RB15
35,Half PPR,36,Keenan Allen,LAC,WR16
36,Half PPR,37,Amari Cooper,CLE,WR17
37,Half PPR,38,Calvin Ridley,JAC,WR18
38,Half PPR,39,Lamar Jackson,BAL,QB4
39,Half PPR,40,Breece Hall,NYJ,RB16
40,Half PPR,41,Deebo Samuel,SF,WR19
41,Half PPR,42,Kenneth Walker III,SEA,RB17
42,Half PPR,43,Miles Sanders,CAR,RB18
43,Half PPR,44,DJ Moore,CHI,WR20
44,Half PPR,45,T.J. Hockenson,MIN,TE3
45,Half PPR,46,Joe Burrow,CIN,QB5
46,Half PPR,47,Jerry Jeudy,DEN,WR21
47,Half PPR,48,Terry McLaurin,WAS,WR22
48,Half PPR,49,Alexander Mattison,MIN,RB19
49,Half PPR,50,DeAndre Hopkins,TEN,WR23
50,Half PPR,51,Justin Fields,CHI,QB6
51,Half PPR,52,J.K. Dobbins,BAL,RB20
52,Half PPR,53,Dameon Pierce,HOU,RB21
53,Half PPR,54,Christian Watson,GB,WR24
54,Half PPR,55,Cam Akers,LAR,RB22
55,Half PPR,56,Drake London,ATL,WR25
56,Half PPR,57,Justin Herbert,LAC,QB7
57,Half PPR,58,Chris Godwin,TB,WR26
58,Half PPR,59,James Conner,ARI,RB23
59,Half PPR,60,Brandon Aiyuk,SF,WR27
60,Half PPR,61,Mike Williams,LAC,WR28
61,Half PPR,62,Tyler Lockett,SEA,WR29
62,Half PPR,63,George Kittle,SF,TE4
63,Half PPR,64,Diontae Johnson,PIT,WR30
64,Half PPR,65,Christian Kirk,JAC,WR31
65,Half PPR,66,Darren Waller,NYG,TE5
66,Half PPR,67,Rachaad White,TB,RB24
67,Half PPR,68,Alvin Kamara,NO,RB25
68,Half PPR,69,Trevor Lawrence,JAC,QB8
69,Half PPR,70,David Montgomery,DET,RB26
70,Half PPR,71,Marquise Brown,ARI,WR32
71,Half PPR,72,Mike Evans,TB,WR33
72,Half PPR,73,Javonte Williams,DEN,RB27
73,Half PPR,74,Michael Pittman Jr.,IND,WR34
74,Half PPR,75,Kyle Pitts,ATL,TE6
75,Half PPR,76,James Cook,BUF,RB28
76,Half PPR,77,Isiah Pacheco,KC,RB29
77,Half PPR,78,Dallas Goedert,PHI,TE7
78,Half PPR,79,D'Andre Swift,PHI,RB30
79,Half PPR,80,Jahan Dotson,WAS,WR35
80,Half PPR,81,Dalvin Cook,NYJ,RB31
81,Half PPR,82,George Pickens,PIT,WR36
82,Half PPR,83,Jordan Addison,MIN,WR37
83,Half PPR,84,Jaxon Smith-Njigba,SEA,WR38
84,Half PPR,85,Deshaun Watson,CLE,QB9
85,Half PPR,86,Khalil Herbert,CHI,RB32
86,Half PPR,87,Gabe Davis,BUF,WR39
87,Half PPR,88,AJ Dillon,GB,RB33
88,Half PPR,89,Antonio Gibson,WAS,RB34
89,Half PPR,90,Brian Robinson Jr.,WAS,RB35
90,Half PPR,91,Treylon Burks,TEN,WR40
91,Half PPR,92,Brandin Cooks,DAL,WR41
92,Half PPR,93,Dak Prescott,DAL,QB10
93,Half PPR,94,Evan Engram,JAC,TE8
94,Half PPR,95,Courtland Sutton,DEN,WR42
95,Half PPR,96,Pat Freiermuth,PIT,TE9
96,Half PPR,97,Tua Tagovailoa,MIA,QB11
97,Half PPR,98,Daniel Jones,NYG,QB12
98,Half PPR,99,Quentin Johnston,LAC,WR43
99,Half PPR,100,David Njoku,CLE,TE10
100,Half PPR,101,Elijah Moore,CLE,WR44
101,Half PPR,102,JuJu Smith-Schuster,NE,WR45
102,Half PPR,103,Rashaad Penny,PHI,RB36
103,Half PPR,104,Samaje Perine,DEN,RB37
104,Half PPR,105,Michael Thomas,NO,WR46
105,Half PPR,106,Jamaal Williams,NO,RB38
106,Half PPR,107,Kirk Cousins,MIN,QB13
107,Half PPR,108,Zach Charbonnet,SEA,RB39
108,Half PPR,109,Zay Flowers,BAL,WR47
109,Half PPR,110,Geno Smith,SEA,QB14
110,Half PPR,111,Rashod Bateman,BAL,WR48
111,Half PPR,112,Kadarius Toney,KC,WR49
112,Half PPR,113,Jakobi Meyers,LV,WR50
113,Half PPR,114,Skyy Moore,KC,WR51
114,Half PPR,115,Dalton Schultz,HOU,TE11
115,Half PPR,116,Jerick McKinnon,KC,RB40
116,Half PPR,117,Damien Harris,BUF,RB41
117,Half PPR,118,Aaron Rodgers,NYJ,QB15
118,Half PPR,119,Anthony Richardson,IND,QB16
119,Half PPR,120,Nico Collins,HOU,WR52
120,Half PPR,121,Elijah Mitchell,SF,RB42
121,Half PPR,122,De'Von Achane,MIA,RB43
122,Half PPR,123,Chigoziem Okonkwo,TEN,TE12
123,Half PPR,124,Jared Goff,DET,QB17
124,Half PPR,125,Allen Lazard,NYJ,WR53
125,Half PPR,126,Tyler Higbee,LAR,TE13
126,Half PPR,127,Jeff Wilson Jr.,MIA,RB44
127,Half PPR,128,Tyler Boyd,CIN,WR54
128,Half PPR,129,Greg Dulcich,DEN,TE14
129,Half PPR,130,Odell Beckham Jr.,BAL,WR55
130,Half PPR,131,Tyler Allgeier,ATL,RB45
131,Half PPR,132,Russell Wilson,DEN,QB18
132,Half PPR,133,Raheem Mostert,MIA,RB46
133,Half PPR,134,Romeo Doubs,GB,WR56
134,Half PPR,135,Cole Kmet,CHI,TE15
135,Half PPR,136,Darnell Mooney,CHI,WR57
136,Half PPR,137,Rondale Moore,ARI,WR58
137,Half PPR,138,Jameson Williams,DET,WR59
138,Half PPR,139,Jaylen Warren,PIT,RB47
139,Half PPR,140,Zay Jones,JAC,WR60
140,Half PPR,141,Devin Singletary,HOU,RB48
141,Half PPR,142,Adam Thielen,CAR,WR61
142,Half PPR,143,Kenneth Gainwell,PHI,RB49
143,Half PPR,144,Gerald Everett,LAC,TE16
144,Half PPR,145,Michael Gallup,DAL,WR62
145,Half PPR,146,DJ Chark Jr.,CAR,WR63
146,Half PPR,147,Tank Bigsby,JAC,RB50
147,Half PPR,148,Ezekiel Elliott,NE,RB51
148,Half PPR,149,D'Onta Foreman,CHI,RB52
149,Half PPR,150,Dalton Kincaid,BUF,TE17
150,Half PPR,151,Derek Carr,NO,QB19
151,Half PPR,152,Matthew Stafford,LAR,QB20
152,Half PPR,153,Donovan Peoples-Jones,CLE,WR64
153,Half PPR,154,Juwan Johnson,NO,TE18
154,Half PPR,155,Kendre Miller,NO,RB53
155,Half PPR,156,Chuba Hubbard,CAR,RB54
156,Half PPR,157,Kenny Pickett,PIT,QB21
157,Half PPR,158,Gus Edwards,BAL,RB55
158,Half PPR,159,Alec Pierce,IND,WR65
159,Half PPR,160,Roschon Johnson,CHI,RB56
160,Half PPR,161,Curtis Samuel,WAS,WR66
161,Half PPR,162,Rashid Shaheed,NO,WR67
162,Half PPR,163,Isaiah Hodgins,NYG,WR68
163,Half PPR,164,Sam LaPorta,DET,TE19
164,Half PPR,165,K.J. Osborn,MIN,WR69
165,Half PPR,166,Irv Smith Jr.,CIN,TE20
166,Half PPR,167,Jordan Love,GB,QB22
167,Half PPR,168,Jerome Ford,CLE,RB57
168,Half PPR,169,Van Jefferson,LAR,WR70
169,Half PPR,170,Zamir White,LV,RB58
170,Half PPR,171,Jonathan Mingo,CAR,WR71
171,Half PPR,172,Brock Purdy,SF,QB23
172,Half PPR,173,Hunter Renfrow,LV,WR72
173,Half PPR,174,San Francisco 49ers,SF,DST1
174,Half PPR,175,Marquez Valdes-Scantling,KC,WR73
175,Half PPR,176,Darius Slayton,NYG,WR74
176,Half PPR,177,Clyde Edwards-Helaire,KC,RB59
177,Half PPR,178,Dallas Cowboys,DAL,DST2
178,Half PPR,179,Hunter Henry,NE,TE21
179,Half PPR,180,DeVante Parker,NE,WR75
180,Half PPR,181,Hayden Hurst,CAR,TE22
181,Half PPR,182,Buffalo Bills,BUF,DST3
182,Half PPR,183,Philadelphia Eagles,PHI,DST4
183,Half PPR,184,Dawson Knox,BUF,TE23
184,Half PPR,185,John Metchie III,HOU,WR76
185,Half PPR,186,Mike Gesicki,NE,TE24
186,Half PPR,187,Bryce Young,CAR,QB24
187,Half PPR,188,Rashee Rice,KC,WR77
188,Half PPR,189,Jayden Reed,GB,WR78
189,Half PPR,190,Cordarrelle Patterson,ATL,RB60
190,Half PPR,191,Trey McBride,ARI,TE25
191,Half PPR,192,Justin Tucker,BAL,K1
192,Half PPR,193,Parris Campbell,NYG,WR79
193,Half PPR,194,New England Patriots,NE,DST5
194,Half PPR,195,Chase Claypool,CHI,WR80
195,Half PPR,196,Kyler Murray,ARI,QB25
196,Half PPR,197,Marvin Mims Jr.,DEN,WR81
197,Half PPR,198,Robert Woods,HOU,WR82
198,Half PPR,199,Tyler Bass,BUF,K2
199,Half PPR,200,New York Jets,NYJ,DST6
200,Half PPR,201,Tyjae Spears,TEN,RB61
201,Half PPR,202,Wan'Dale Robinson,NYG,WR83
202,Half PPR,203,Baltimore Ravens,BAL,DST7
203,Half PPR,204,Taysom Hill,NO,TE26
204,Half PPR,205,Jalin Hyatt,NYG,WR84
205,Half PPR,206,Harrison Butker,KC,K3
206,Half PPR,207,Mecole Hardman Jr.,NYJ,WR85
207,Half PPR,208,Ryan Tannehill,TEN,QB26
208,Half PPR,209,Denver Broncos,DEN,DST8
209,Half PPR,210,Daniel Carlson,LV,K4
210,Half PPR,211,Joshua Palmer,LAC,WR86
211,Half PPR,212,Evan McPherson,CIN,K5
212,Half PPR,213,Joshua Kelley,LAC,RB62
213,Half PPR,214,Noah Fant,SEA,TE27
214,Half PPR,215,Allen Robinson II,PIT,WR87
215,Half PPR,216,Kansas City Chiefs,KC,DST9
216,Half PPR,217,Tyquan Thornton,NE,WR88
217,Half PPR,218,Corey Davis,NYJ,WR89
218,Half PPR,219,New Orleans Saints,NO,DST10
219,Half PPR,220,Leonard Fournette,FA,RB63
220,Half PPR,221,Michael Carter,NYJ,RB64
221,Half PPR,222,Pittsburgh Steelers,PIT,DST11
222,Half PPR,223,Sam Howell,WAS,QB27
223,Half PPR,224,Kareem Hunt,FA,RB65
224,Half PPR,225,Josh Downs,IND,WR90
225,Half PPR,226,C.J. Stroud,HOU,QB28
226,Half PPR,227,Zach Ertz,ARI,TE28
227,Half PPR,228,Younghoe Koo,ATL,K6
228,Half PPR,229,Terrace Marshall Jr.,CAR,WR91
229,Half PPR,230,Cincinnati Bengals,CIN,DST12
230,Half PPR,231,Miami Dolphins,MIA,DST13
231,Half PPR,232,Jimmy Garoppolo,LV,QB29
232,Half PPR,233,Mac Jones,NE,QB30
233,Half PPR,234,Michael Mayer,LV,TE29
234,Half PPR,235,Jason Sanders,MIA,K7
235,Half PPR,236,Jelani Woods,IND,TE30
236,Half PPR,237,Tampa Bay Buccaneers,TB,DST14
237,Half PPR,238,Cleveland Browns,CLE,DST15
238,Half PPR,239,Brandon McManus,JAC,K8
239,Half PPR,240,Chase Edmonds,TB,RB66
240,Half PPR,241,Washington Commanders,WAS,DST16
241,Half PPR,242,Jason Myers,SEA,K9
242,Half PPR,243,Jake Elliott,PHI,K10
243,Half PPR,244,Los Angeles Chargers,LAC,DST17
244,Half PPR,245,Chase Brown,CIN,RB67
245,Half PPR,246,Green Bay Packers,GB,DST18
246,Half PPR,247,Pierre Strong Jr.,NE,RB68
247,Half PPR,248,Khalil Shakir,BUF,WR92
248,Half PPR,249,Isaiah Likely,BAL,TE31
249,Half PPR,250,Matt Gay,IND,K11
250,Half PPR,251,Zach Evans,LAR,RB69
251,Half PPR,252,Graham Gano,NYG,K12
252,Half PPR,253,Mack Hollins,ATL,WR93
253,Half PPR,254,Richie James Jr.,KC,WR94
254,Half PPR,255,Cade Otton,TB,TE32
255,Half PPR,256,Josh Reynolds,DET,WR95
256,Half PPR,257,Desmond Ridder,ATL,QB31
257,Half PPR,258,Marvin Jones Jr.,DET,WR96
258,Half PPR,259,Kyren Williams,LAR,RB70
259,Half PPR,260,Greg Joseph,MIN,K13
260,Half PPR,261,Jake Ferguson,DAL,TE33
261,Half PPR,262,Russell Gage,TB,WR97
262,Half PPR,263,Indianapolis Colts,IND,DST19
263,Half PPR,264,Jacksonville Jaguars,JAC,DST20
264,Half PPR,265,Greg Zuerlein,NYJ,K14
265,Half PPR,266,Luke Musgrave,GB,TE34
266,Half PPR,267,Isaiah Spiller,LAC,RB71
267,Half PPR,268,Logan Thomas,WAS,TE35
268,Half PPR,269,Wil Lutz,NO,K15
269,Half PPR,270,Kendrick Bourne,NE,WR98
270,Half PPR,271,Tank Dell,HOU,WR99
271,Half PPR,272,Ty Chandler,MIN,RB72
272,Half PPR,273,Tyler Conklin,NYJ,TE36
273,Half PPR,274,Sterling Shepard,NYG,WR100
274,Half PPR,275,Nick Folk,NE,K16
275,Half PPR,276,Carolina Panthers,CAR,DST21
276,Half PPR,277,Israel Abanikanda,NYJ,RB73
277,Half PPR,278,Los Angeles Rams,LAR,DST22
278,Half PPR,279,Matt Prater,ARI,K17
279,Half PPR,280,Baker Mayfield,TB,QB32
280,Half PPR,281,Zack Moss,IND,RB74
281,Half PPR,282,Latavius Murray,BUF,RB75
282,Half PPR,283,Isaiah McKenzie,IND,WR101
283,Half PPR,284,Seattle Seahawks,SEA,DST23
284,Half PPR,285,Matt Breida,NYG,RB76
285,Half PPR,286,Malik Davis,DAL,RB77
286,Half PPR,287,Laviska Shenault Jr.,CAR,WR102
287,Half PPR,288,New York Giants,NYG,DST24
288,Half PPR,289,Riley Patterson,DET,K18
289,Half PPR,290,Chris Boswell,PIT,K19
290,Half PPR,291,Deuce Vaughn,DAL,RB78
291,Half PPR,292,Tennessee Titans,TEN,DST25
292,Half PPR,293,D'Ernest Johnson,JAC,RB79
293,Half PPR,294,Quez Watkins,PHI,WR103
294,Half PPR,295,Boston Scott,PHI,RB80
295,Half PPR,296,Jordan Mason,SF,RB81
296,Half PPR,297,Evan Hull,IND,RB82
297,Half PPR,298,DeWayne McBride,MIN,RB83
298,Half PPR,299,Zonovan Knight,NYJ,RB84
299,Half PPR,300,Jake Moody,SF,K20
300,Half PPR,301,JaMycal Hasty,JAC,RB85
301,Half PPR,302,Keaontay Ingram,ARI,RB86
302,Half PPR,303,Detroit Lions,DET,DST26
303,Half PPR,304,Puka Nacua,LAR,WR104
304,Half PPR,305,Cedric Tillman,CLE,WR105
305,Half PPR,306,Dustin Hopkins,LAC,K21
306,Half PPR,307,Braxton Berrios,MIA,WR106
307,Half PPR,308,Cairo Santos,CHI,K22
308,Half PPR,309,Nick Westbrook-Ikhine,TEN,WR107
309,Half PPR,310,Sean Tucker,TB,RB87
310,Half PPR,311,Ka'imi Fairbairn,HOU,K23
311,Half PPR,312,James Robinson,NYG,RB88
312,Half PPR,313,Devin Duvernay,BAL,WR108
313,Half PPR,314,Daniel Bellinger,NYG,TE37
314,Half PPR,315,Minnesota Vikings,MIN,DST27
315,Half PPR,316,Kayshon Boutte,NE,WR109
316,Half PPR,317,Michael Wilson,ARI,WR110
317,Half PPR,318,Ronald Jones II,DAL,RB89
318,Half PPR,319,Chris Evans,CIN,RB90
319,Half PPR,320,Austin Hooper,LV,TE38
320,Half PPR,321,Tyrion Davis-Price,SF,RB91
321,Half PPR,322,Trey Lance,SF,QB33
322,Half PPR,323,Justyn Ross,KC,WR111
323,Half PPR,324,David Bell,CLE,WR112
324,Half PPR,325,Hassan Haskins,TEN,RB92
325,Half PPR,326,Michael Badgley,WAS,K24
326,Half PPR,327,Eric Gray,NYG,RB93
327,Half PPR,328,Greg Dortch,ARI,WR113
328,Half PPR,329,Melvin Gordon III,BAL,RB94
329,Half PPR,330,Jacoby Brissett,WAS,QB34
330,Half PPR,331,Cade York,CLE,K25
331,Half PPR,332,Trayveon Williams,CIN,RB95
332,Half PPR,333,Cameron Dicker,LAC,K26
333,Half PPR,334,DeeJay Dallas,SEA,RB96
334,Half PPR,335,Brett Maher,DEN,K27
335,Half PPR,336,Nelson Agholor,BAL,WR114
336,Half PPR,337,Deon Jackson,IND,RB97
337,Half PPR,338,Robert Tonyan,CHI,TE39
338,Half PPR,339,Will Levis,TEN,QB35
339,Half PPR,340,Kyle Philips,TEN,WR115
340,Half PPR,341,Tutu Atwell,LAR,WR116
341,Half PPR,342,Luke Schoonmaker,DAL,TE40
342,Half PPR,343,Robbie Gould,FA,K28
343,Half PPR,344,Jonnu Smith,ATL,TE41
344,Half PPR,345,Ryan Succop,FA,K29
345,Half PPR,346,Arizona Cardinals,ARI,DST28
346,Half PPR,347,Albert Okwuegbunam,DEN,TE42
347,Half PPR,348,KJ Hamler,FA,WR117
348,Half PPR,349,Salvon Ahmed,MIA,RB98
349,Half PPR,350,Robbie Chosen,MIA,WR118
350,Half PPR,351,Eddy Pineiro,CAR,K30
351,Half PPR,352,Deneric Prince,KC,RB99
352,Half PPR,353,Deonte Harty,BUF,WR119
353,Half PPR,354,Kenyan Drake,IND,RB100
354,Half PPR,355,Myles Gaskin,MIA,RB101
355,Half PPR,356,Kyle Trask,TB,QB36
356,Half PPR,357,Foster Moreau,NO,TE43
357,Half PPR,358,Jauan Jennings,SF,WR120
358,Half PPR,359,Colt McCoy,ARI,QB37
359,Half PPR,360,Adam Trautman,DEN,TE44
360,Half PPR,361,Ke'Shawn Vaughn,TB,RB102
361,Half PPR,362,Ben Skowronek,LAR,WR121
362,Half PPR,363,Darnell Washington,PIT,TE45
363,Half PPR,364,Noah Brown,HOU,WR122
364,Half PPR,365,J.D. McKissic,FA,RB103
365,Half PPR,366,Kenny McIntosh,SEA,RB104
366,Half PPR,367,Tucker Kraft,GB,TE46
367,Half PPR,368,Will Dissly,SEA,TE47
368,Half PPR,369,Noah Gray,KC,TE48
369,Half PPR,370,Xavier Hutchinson,HOU,WR123
370,Half PPR,371,Donald Parham Jr.,LAC,TE49
371,Half PPR,372,A.T. Perry,NO,WR124
372,Half PPR,373,Rodrigo Blankenship,TB,K31
373,Half PPR,374,Ty Montgomery,NE,RB105
374,Half PPR,375,Jamison Crowder,NYG,WR125
375,Half PPR,376,Tristan Vizcaino,FA,K32
376,Half PPR,377,Mason Crosby,FA,K33
377,Half PPR,378,Olamide Zaccheaus,PHI,WR126
378,Half PPR,379,Raheem Blackshear,CAR,RB106
379,Half PPR,380,Calvin Austin III,PIT,WR127
380,Half PPR,381,Chicago Bears,CHI,DST29
381,Half PPR,382,Gardner Minshew II,IND,QB38
382,Half PPR,383,Houston Texans,HOU,DST30
383,Half PPR,384,Ameer Abdullah,LV,RB107
384,Half PPR,385,Kene Nwangwu,MIN,RB108
385,Half PPR,386,Tyler Scott,CHI,WR128
386,Half PPR,387,Chris Rodriguez Jr.,WAS,RB109
387,Half PPR,388,Atlanta Falcons,ATL,DST31
388,Half PPR,389,Kalif Raymond,DET,WR129
389,Half PPR,390,Durham Smythe,MIA,TE50
390,Half PPR,391,Cedrick Wilson Jr.,MIA,WR130
391,Half PPR,392,C.J. Uzomah,NYJ,TE51
392,Half PPR,393,Randall Cobb,NYJ,WR131
393,Half PPR,394,Marquez Callaway,DEN,WR132
394,Half PPR,395,Trent Sherfield,BUF,WR133
395,Half PPR,396,Jalen Tolbert,DAL,WR134
396,Half PPR,397,Sam Darnold,SF,QB39
397,Half PPR,398,Kevin Harris,NE,RB110
398,Half PPR,399,Brevin Jordan,HOU,TE52
399,Half PPR,400,Jarvis Landry,FA,WR135
400,Half PPR,401,Julio Jones,FA,WR136
401,Half PPR,402,Dontrell Hilliard,FA,RB111
402,Half PPR,403,Chad Ryland,NE,K34
403,Half PPR,404,Corey Clement,ARI,RB112
404,Half PPR,405,Harrison Bryant,CLE,TE53
405,Half PPR,406,Mo Alie-Cox,IND,TE54
406,Half PPR,407,Darrell Henderson Jr.,FA,RB113
407,Half PPR,408,Dyami Brown,WAS,WR137
408,Half PPR,409,Chris Moore,TEN,WR138
409,Half PPR,410,Demarcus Robinson,LAR,WR139
410,Half PPR,411,Justice Hill,BAL,RB114
411,Half PPR,412,Jamal Agnew,JAC,WR140
412,Half PPR,413,Demario Douglas,NE,WR141
413,Half PPR,414,Joey Slye,WAS,K35
414,Half PPR,415,Brandon Aubrey,DAL,K36
415,Half PPR,416,Cole Turner,WAS,TE55
416,Half PPR,417,Darrel Williams,NO,RB115
417,Half PPR,418,Craig Reynolds,DET,RB116
418,Half PPR,419,Rico Dowdle,DAL,RB117
419,Half PPR,420,Justin Watson,KC,WR142
420,Half PPR,421,Trey Palmer,TB,WR143
421,Half PPR,422,Kylen Granson,IND,TE56
422,Half PPR,423,Jameis Winston,NO,QB40
423,Half PPR,424,Bailey Zappe,NE,QB41
424,Half PPR,425,Taylor Heinicke,ATL,QB42
425,Half PPR,426,Las Vegas Raiders,LV,DST32
426,Half PPR,427,Chase McLaughlin,TB,K37
427,Half PPR,428,Trenton Irwin,CIN,WR144
428,Half PPR,429,Denzel Mims,DET,WR145
429,Half PPR,430,Scott Miller,ATL,WR146
430,Half PPR,431,Anders Carlson,GB,K38
431,Half PPR,432,Mike White,MIA,QB43
432,Half PPR,433,Tanner Brown,LAR,K39
433,Half PPR,434,Zach Pascal,ARI,WR147
434,Half PPR,435,Parker Washington,JAC,WR148
435,Half PPR,436,Mark Ingram II,FA,RB118
436,Half PPR,437,Jeremy Ruckert,NYJ,TE57
437,Half PPR,438,Kenny Golladay,FA,WR149
438,Half PPR,439,Jordan Akins,CLE,TE58
439,Half PPR,440,Caleb Shudak,TEN,K40
440,Half PPR,441,Samori Toure,GB,WR150
441,Half PPR,442,Elijah Higgins,MIA,TE59
442,Half PPR,443,Brock Wright,DET,TE60
443,Half PPR,444,Peyton Hendershot,DAL,TE61
444,Half PPR,445,Kyle Juszczyk,SF,RB119
445,Half PPR,446,Charlie Jones,CIN,WR151
446,Half PPR,447,Brenton Strange,JAC,TE62
447,Half PPR,448,Mike Boone,HOU,RB120
448,Half PPR,449,Rex Burkhead,FA,RB121
449,Half PPR,450,Tyler Huntley,BAL,QB44
450,Half PPR,451,Keaton Mitchell,BAL,RB122
451,Half PPR,452,Jalen Guyton,LAC,WR152
452,Half PPR,453,Brandon Bolden,LV,RB123
453,Half PPR,454,DeAndre Carter,LV,WR153
454,Half PPR,455,Malik Willis,TEN,QB45
455,Half PPR,456,Jalen Nailor,MIN,WR154
456,Half PPR,457,Trey Sermon,PHI,RB124
457,Half PPR,458,Ty Johnson,FA,RB125
458,Half PPR,459,Zane Gonzalez,SF,K41
459,Half PPR,460,Colby Parkinson,SEA,TE63
460,Half PPR,461,Randy Bullock,FA,K42
461,Half PPR,462,Josh Oliver,MIN,TE64
462,Half PPR,463,Tre Tucker,LV,WR155
463,Half PPR,464,Tyler Badie,DEN,RB126
464,Half PPR,465,Carson Wentz,FA,QB46
465,Half PPR,466,Tre'Quan Smith,NO,WR156
466,Half PPR,467,Clayton Tune,ARI,QB47
467,Half PPR,468,Justin Shorter,BUF,WR157
468,Half PPR,469,Demetric Felton Jr.,CLE,RB127
469,Half PPR,470,Andrei Iosivas,CIN,WR158
470,Half PPR,471,Danny Gray,SF,WR159
471,Half PPR,472,Hunter Long,LAR,TE65
472,Half PPR,473,Travis Homer,CHI,RB128
473,Half PPR,474,Equanimeous St. Brown,CHI,WR160
474,Half PPR,475,Tommy Tremble,CAR,TE66
475,Half PPR,476,Zach Wilson,NYJ,QB48
476,Half PPR,477,Velus Jones Jr.,CHI,WR161
477,Half PPR,478,Julius Chestnut,TEN,RB129
478,Half PPR,479,Teagan Quitoriano,HOU,TE67
479,Half PPR,480,James Mitchell,DET,TE68
480,Half PPR,481,KhaDarel Hodge,ATL,WR162
481,Half PPR,482,Brian Hoyer,LV,QB49
482,Half PPR,483,Ashton Dulin,IND,WR163
483,Half PPR,484,Marquise Goodwin,CLE,WR164
484,Half PPR,485,David Moore,TB,WR165
485,Half PPR,486,Andy Dalton,CAR,QB50
486,Half PPR,487,Elliott Fry,FA,K43
487,Half PPR,488,O.J. Howard,FA,TE69
488,Half PPR,489,Zack Kuntz,NYJ,TE70
489,Half PPR,490,Erik Ezukanma,MIA,WR166
490,Half PPR,491,Mohamed Ibrahim,DET,RB130
491,Half PPR,492,Jalen Reagor,MIN,WR167
492,Half PPR,493,Jarrett Stidham,DEN,QB51
493,Half PPR,494,Anthony McFarland Jr.,PIT,RB131
494,Half PPR,495,Dan Arnold,PHI,TE71
495,Half PPR,496,Cameron Latu,SF,TE72
496,Half PPR,497,Dontayvion Wicks,GB,WR168
497,Half PPR,498,Tyler Davis,FA,K44
498,Half PPR,499,Eric Saubert,MIA,TE73
499,Half PPR,500,John Bates,WAS,TE74
500,Half PPR,501,Damien Williams,LV,RB132
501,Half PPR,502,Tony Jones Jr.,DEN,RB133
502,Half PPR,503,Ian Thomas,CAR,TE75
503,Half PPR,504,Trestan Ebner,CHI,RB134
504,Half PPR,505,Shi Smith,CAR,WR169
505,Half PPR,506,Grant Calcaterra,PHI,TE76
506,Half PPR,507,Bryan Edwards,NO,WR170
507,Half PPR,508,Josiah Deguara,GB,TE77
508,Half PPR,509,Ronnie Rivers,LAR,RB135
509,Half PPR,510,Ross Dwelley,SF,TE78
510,Half PPR,511,Charlie Kolar,BAL,TE79
511,Half PPR,512,Alec Ingold,MIA,RB136
512,Half PPR,513,Ray-Ray McCloud III,SF,WR171
513,Half PPR,514,Jaleel McLaughlin,DEN,RB137
514,Half PPR,515,Jimmy Graham,NO,TE80
515,Half PPR,516,Hendon Hooker,DET,QB52
516,Half PPR,517,Aidan O'Connell,LV,QB53
517,Half PPR,518,Elijah Dotson,LAC,RB138
518,Half PPR,519,Jack Stoll,PHI,TE81
519,Half PPR,520,Derius Davis,LAC,WR172
520,Half PPR,521,N'Keal Harry,MIN,WR173
521,Half PPR,522,Caleb Huntley,FA,RB139
522,Half PPR,523,Marcus Mariota,PHI,QB54
523,Half PPR,524,Malik Cunningham,NE,QB55
524,Half PPR,525,Snoop Conner,JAC,RB140
525,Half PPR,526,Dare Ogunbowale,HOU,RB141
526,Half PPR,527,Drew Sample,CIN,TE82
527,Half PPR,528,Tiyon Evans,FA,RB142
528,Half PPR,529,Jody Fortson,KC,TE83
529,Half PPR,530,Anthony Schwartz,CLE,WR174
530,Half PPR,531,Lew Nichols III,GB,RB143
531,Half PPR,532,Kendric Pryor,JAC,WR175
532,Half PPR,533,Jesper Horsted,LV,TE84
533,Half PPR,534,Tre' McKitty,LAC,TE85
534,Half PPR,535,Quintin Morris,BUF,TE86
535,Half PPR,536,Brandon Powell,MIN,WR176
536,Half PPR,537,Giovanni Ricci,CAR,TE87
537,Half PPR,538,Johnny Mundt,MIN,TE88
538,Half PPR,539,Josh Whyle,TEN,TE89
539,Half PPR,540,Brittain Brown,LV,RB144
540,Half PPR,541,Brycen Hopkins,LAR,TE90
541,Half PPR,542,Byron Pringle,WAS,WR177
542,Half PPR,543,Chris Manhertz,DEN,TE91
543,Half PPR,544,Zach Gentry,PIT,TE92
544,Half PPR,545,Shane Zylstra,DET,TE93
545,Half PPR,546,Will Mallory,IND,TE94
546,Half PPR,547,Tylan Wallace,BAL,WR178
547,Half PPR,548,Cam Sims,LV,WR179
548,Half PPR,549,Dante Pettis,CHI,WR180
549,Half PPR,550,Parker Hesse,ATL,TE95
550,Half PPR,551,Dee Eskridge,SEA,WR181
551,Half PPR,552,Montrell Washington,DEN,WR182
552,Half PPR,553,Amari Rodgers,IND,WR183
553,Half PPR,554,Connor Heyward,PIT,TE96
554,Half PPR,555,KaVontae Turpin,DAL,WR184
555,Half PPR,556,David Sills V,NYG,WR185
556,Half PPR,557,Payne Durham,TB,TE97
557,Half PPR,558,Andrew Beck,HOU,TE98
558,Half PPR,559,Tyler Kroft,MIA,TE99
559,Half PPR,560,Racey McMath,TEN,WR186
560,Half PPR,561,Mike Strachan,IND,WR187
561,Half PPR,562,Phillip Dorsett II,LV,WR188
562,Half PPR,563,Dax Milne,WAS,WR189
563,Half PPR,564,Juwann Winfree,IND,WR190
564,Half PPR,565,Chris Myarick,NYG,TE100
565,Half PPR,566,James Proche II,BAL,WR191
566,Half PPR,567,Teddy Bridgewater,DET,QB56
567,Half PPR,568,Tommy Sweeney,NYG,TE101
568,Half PPR,569,Kendall Hinton,DEN,WR192
569,Half PPR,570,Stetson Bennett,LAR,QB57
570,Half PPR,571,Tim Jones,JAC,WR193
571,Half PPR,572,Cooper Rush,DAL,QB58
572,Half PPR,573,Davis Mills,HOU,QB59
573,Half PPR,574,Mitchell Wilcox,CIN,TE102
574,Half PPR,575,Tyrod Taylor,NYG,QB60
575,Half PPR,576,Dorian Thompson-Robinson,CLE,QB61
576,Half PPR,577,Drew Lock,SEA,QB62
577,Half PPR,578,River Cracraft,MIA,WR194
578,Half PPR,579,Miles Boykin,PIT,WR195
0,Full PPR,1,Ja'Marr Chase,CIN,WR1
1,Full PPR,2,Christian McCaffrey,SF,RB1
2,Full PPR,3,Justin Jefferson,MIN,WR2
3,Full PPR,4,Tyreek Hill,MIA,WR3
4,Full PPR,5,Cooper Kupp,LAR,WR4
5,Full PPR,6,Travis Kelce,KC,TE1
6,Full PPR,7,Austin Ekeler,LAC,RB2
7,Full PPR,8,Stefon Diggs,BUF,WR5
8,Full PPR,9,CeeDee Lamb,DAL,WR6
9,Full PPR,10,Saquon Barkley,NYG,RB3
10,Full PPR,11,Amon-Ra St. Brown,DET,WR7
11,Full PPR,12,A.J. Brown,PHI,WR8
12,Full PPR,13,Davante Adams,LV,WR9
13,Full PPR,14,Bijan Robinson,ATL,RB4
14,Full PPR,15,Garrett Wilson,NYJ,WR10
15,Full PPR,16,Tony Pollard,DAL,RB5
16,Full PPR,17,Nick Chubb,CLE,RB6
17,Full PPR,18,Jaylen Waddle,MIA,WR11
18,Full PPR,19,Derrick Henry,TEN,RB7
19,Full PPR,20,Chris Olave,NO,WR12
20,Full PPR,21,Jonathan Taylor,IND,RB8
21,Full PPR,22,DeVonta Smith,PHI,WR13
22,Full PPR,23,Josh Jacobs,LV,RB9
23,Full PPR,24,Keenan Allen,LAC,WR14
24,Full PPR,25,Patrick Mahomes II,KC,QB1
25,Full PPR,26,Tee Higgins,CIN,WR15
26,Full PPR,27,Josh Allen,BUF,QB2
27,Full PPR,28,Jalen Hurts,PHI,QB3
28,Full PPR,29,DK Metcalf,SEA,WR16
29,Full PPR,30,Rhamondre Stevenson,NE,RB10
30,Full PPR,31,Mark Andrews,BAL,TE2
31,Full PPR,32,Joe Mixon,CIN,RB11
32,Full PPR,33,Najee Harris,PIT,RB12
33,Full PPR,34,Amari Cooper,CLE,WR17
34,Full PPR,35,Calvin Ridley,JAC,WR18
35,Full PPR,36,Travis Etienne Jr.,JAC,RB13
36,Full PPR,37,Aaron Jones,GB,RB14
37,Full PPR,38,Jahmyr Gibbs,DET,RB15
38,Full PPR,39,Deebo Samuel,SF,WR19
39,Full PPR,40,DeAndre Hopkins,TEN,WR20
40,Full PPR,41,Lamar Jackson,BAL,QB4
41,Full PPR,42,Chris Godwin,TB,WR21
42,Full PPR,43,Jerry Jeudy,DEN,WR22
43,Full PPR,44,Terry McLaurin,WAS,WR23
44,Full PPR,45,DJ Moore,CHI,WR24
45,Full PPR,46,Drake London,ATL,WR25
46,Full PPR,47,Joe Burrow,CIN,QB5
47,Full PPR,48,T.J. Hockenson,MIN,TE3
48,Full PPR,49,Diontae Johnson,PIT,WR26
49,Full PPR,50,Christian Watson,GB,WR27
50,Full PPR,51,Breece Hall,NYJ,RB16
51,Full PPR,52,Justin Fields,CHI,QB6
52,Full PPR,53,Justin Herbert,LAC,QB7
53,Full PPR,54,Tyler Lockett,SEA,WR28
54,Full PPR,55,Mike Williams,LAC,WR29
55,Full PPR,56,Brandon Aiyuk,SF,WR30
56,Full PPR,57,Christian Kirk,JAC,WR31
57,Full PPR,58,Michael Pittman Jr.,IND,WR32
58,Full PPR,59,Miles Sanders,CAR,RB17
59,Full PPR,60,Marquise Brown,ARI,WR33
60,Full PPR,61,Kenneth Walker III,SEA,RB18
61,Full PPR,62,Mike Evans,TB,WR34
62,Full PPR,63,Alexander Mattison,MIN,RB19
63,Full PPR,64,Dameon Pierce,HOU,RB20
64,Full PPR,65,J.K. Dobbins,BAL,RB21
65,Full PPR,66,Trevor Lawrence,JAC,QB8
66,Full PPR,67,George Kittle,SF,TE4
67,Full PPR,68,Cam Akers,LAR,RB22
68,Full PPR,69,Darren Waller,NYG,TE5
69,Full PPR,70,James Conner,ARI,RB23
70,Full PPR,71,Rachaad White,TB,RB24
71,Full PPR,72,Jahan Dotson,WAS,WR35
72,Full PPR,73,Dallas Goedert,PHI,TE6
73,Full PPR,74,Kyle Pitts,ATL,TE7
74,Full PPR,75,Alvin Kamara,NO,RB25
75,Full PPR,76,Jordan Addison,MIN,WR36
76,Full PPR,77,George Pickens,PIT,WR37
77,Full PPR,78,Jaxon Smith-Njigba,SEA,WR38
78,Full PPR,79,Javonte Williams,DEN,RB26
79,Full PPR,80,Brandin Cooks,DAL,WR39
80,Full PPR,81,James Cook,BUF,RB27
81,Full PPR,82,David Montgomery,DET,RB28
82,Full PPR,83,Treylon Burks,TEN,WR40
83,Full PPR,84,D'Andre Swift,PHI,RB29
84,Full PPR,85,Gabe Davis,BUF,WR41
85,Full PPR,86,Courtland Sutton,DEN,WR42
86,Full PPR,87,JuJu Smith-Schuster,NE,WR43
87,Full PPR,88,Isiah Pacheco,KC,RB30
88,Full PPR,89,Deshaun Watson,CLE,QB9
89,Full PPR,90,Michael Thomas,NO,WR44
90,Full PPR,91,Elijah Moore,CLE,WR45
91,Full PPR,92,Dalvin Cook,NYJ,RB31
92,Full PPR,93,Quentin Johnston,LAC,WR46
93,Full PPR,94,Antonio Gibson,WAS,RB32
94,Full PPR,95,Dak Prescott,DAL,QB10
95,Full PPR,96,Rashod Bateman,BAL,WR47
96,Full PPR,97,Evan Engram,JAC,TE8
97,Full PPR,98,Jakobi Meyers,LV,WR48
98,Full PPR,99,AJ Dillon,GB,RB33
99,Full PPR,100,Pat Freiermuth,PIT,TE9
100,Full PPR,101,Khalil Herbert,CHI,RB34
101,Full PPR,102,Tua Tagovailoa,MIA,QB11
102,Full PPR,103,Zay Flowers,BAL,WR49
103,Full PPR,104,Daniel Jones,NYG,QB12
104,Full PPR,105,Brian Robinson Jr.,WAS,RB35
105,Full PPR,106,Kadarius Toney,KC,WR50
106,Full PPR,107,Kirk Cousins,MIN,QB13
107,Full PPR,108,Geno Smith,SEA,QB14
108,Full PPR,109,Skyy Moore,KC,WR51
109,Full PPR,110,David Njoku,CLE,TE10
110,Full PPR,111,Samaje Perine,DEN,RB36
111,Full PPR,112,Nico Collins,HOU,WR52
112,Full PPR,113,Zach Charbonnet,SEA,RB37
113,Full PPR,114,Jamaal Williams,NO,RB38
114,Full PPR,115,Aaron Rodgers,NYJ,QB15
115,Full PPR,116,Rashaad Penny,PHI,RB39
116,Full PPR,117,Jerick McKinnon,KC,RB40
117,Full PPR,118,Anthony Richardson,IND,QB16
118,Full PPR,119,Rondale Moore,ARI,WR53
119,Full PPR,120,Allen Lazard,NYJ,WR54
120,Full PPR,121,Jared Goff,DET,QB17
121,Full PPR,122,Dalton Schultz,HOU,TE11
122,Full PPR,123,Tyler Boyd,CIN,WR55
123,Full PPR,124,Russell Wilson,DEN,QB18
124,Full PPR,125,Zay Jones,JAC,WR56
125,Full PPR,126,Darnell Mooney,CHI,WR57
126,Full PPR,127,Damien Harris,BUF,RB41
127,Full PPR,128,Romeo Doubs,GB,WR58
128,Full PPR,129,Tyler Higbee,LAR,TE12
129,Full PPR,130,De'Von Achane,MIA,RB42
130,Full PPR,131,Odell Beckham Jr.,BAL,WR59
131,Full PPR,132,Adam Thielen,CAR,WR60
132,Full PPR,133,Chigoziem Okonkwo,TEN,TE13
133,Full PPR,134,Jameson Williams,DET,WR61
134,Full PPR,135,Elijah Mitchell,SF,RB43
135,Full PPR,136,Jeff Wilson Jr.,MIA,RB44
136,Full PPR,137,Greg Dulcich,DEN,TE14
137,Full PPR,138,Raheem Mostert,MIA,RB45
138,Full PPR,139,Cole Kmet,CHI,TE15
139,Full PPR,140,Devin Singletary,HOU,RB46
140,Full PPR,141,Jaylen Warren,PIT,RB47
141,Full PPR,142,Michael Gallup,DAL,WR62
142,Full PPR,143,DJ Chark Jr.,CAR,WR63
143,Full PPR,144,Tyler Allgeier,ATL,RB48
144,Full PPR,145,Gerald Everett,LAC,TE16
145,Full PPR,146,Matthew Stafford,LAR,QB19
146,Full PPR,147,Derek Carr,NO,QB20
147,Full PPR,148,Kenneth Gainwell,PHI,RB49
148,Full PPR,149,Donovan Peoples-Jones,CLE,WR64
149,Full PPR,150,Dalton Kincaid,BUF,TE17
150,Full PPR,151,K.J. Osborn,MIN,WR65
151,Full PPR,152,Kenny Pickett,PIT,QB21
152,Full PPR,153,Isaiah Hodgins,NYG,WR66
153,Full PPR,154,Jordan Love,GB,QB22
154,Full PPR,155,Alec Pierce,IND,WR67
155,Full PPR,156,Ezekiel Elliott,NE,RB50
156,Full PPR,157,Hunter Renfrow,LV,WR68
157,Full PPR,158,Tank Bigsby,JAC,RB51
158,Full PPR,159,Curtis Samuel,WAS,WR69
159,Full PPR,160,Rashid Shaheed,NO,WR70
160,Full PPR,161,Van Jefferson,LAR,WR71
161,Full PPR,162,Juwan Johnson,NO,TE18
162,Full PPR,163,San Francisco 49ers,SF,DST1
163,Full PPR,164,D'Onta Foreman,CHI,RB52
164,Full PPR,165,Brock Purdy,SF,QB23
165,Full PPR,166,Kendre Miller,NO,RB53
166,Full PPR,167,Jonathan Mingo,CAR,WR72
167,Full PPR,168,Dallas Cowboys,DAL,DST2
168,Full PPR,169,Darius Slayton,NYG,WR73
169,Full PPR,170,Bryce Young,CAR,QB24
170,Full PPR,171,Justin Tucker,BAL,K1
171,Full PPR,172,Philadelphia Eagles,PHI,DST3
172,Full PPR,173,Sam LaPorta,DET,TE19
173,Full PPR,174,Buffalo Bills,BUF,DST4
174,Full PPR,175,Kyler Murray,ARI,QB25
175,Full PPR,176,Marquez Valdes-Scantling,KC,WR74
176,Full PPR,177,John Metchie III,HOU,WR75
177,Full PPR,178,Chuba Hubbard,CAR,RB54
178,Full PPR,179,Roschon Johnson,CHI,RB55
179,Full PPR,180,Irv Smith Jr.,CIN,TE20
180,Full PPR,181,Tyler Bass,BUF,K2
181,Full PPR,182,DeVante Parker,NE,WR76
182,Full PPR,183,Jayden Reed,GB,WR77
183,Full PPR,184,Hayden Hurst,CAR,TE21
184,Full PPR,185,Parris Campbell,NYG,WR78
185,Full PPR,186,Rashee Rice,KC,WR79
186,Full PPR,187,Chase Claypool,CHI,WR80
187,Full PPR,188,Robert Woods,HOU,WR81
188,Full PPR,189,New England Patriots,NE,DST5
189,Full PPR,190,Wan'Dale Robinson,NYG,WR82
190,Full PPR,191,Ryan Tannehill,TEN,QB26
191,Full PPR,192,Harrison Butker,KC,K3
192,Full PPR,193,New York Jets,NYJ,DST6
193,Full PPR,194,Evan McPherson,CIN,K4
194,Full PPR,195,Marvin Mims Jr.,DEN,WR83
195,Full PPR,196,Jerome Ford,CLE,RB56
196,Full PPR,197,Daniel Carlson,LV,K5
197,Full PPR,198,Joshua Palmer,LAC,WR84
198,Full PPR,199,Baltimore Ravens,BAL,DST7
199,Full PPR,200,Clyde Edwards-Helaire,KC,RB57
200,Full PPR,201,Gus Edwards,BAL,RB58
201,Full PPR,202,Mike Gesicki,NE,TE22
202,Full PPR,203,Trey McBride,ARI,TE23
203,Full PPR,204,Denver Broncos,DEN,DST8
204,Full PPR,205,Allen Robinson II,PIT,WR85
205,Full PPR,206,Cordarrelle Patterson,ATL,RB59
206,Full PPR,207,Dawson Knox,BUF,TE24
207,Full PPR,208,Sam Howell,WAS,QB27
208,Full PPR,209,Jalin Hyatt,NYG,WR86
209,Full PPR,210,Zamir White,LV,RB60
210,Full PPR,211,Hunter Henry,NE,TE25
211,Full PPR,212,Mecole Hardman Jr.,NYJ,WR87
212,Full PPR,213,Kansas City Chiefs,KC,DST9
213,Full PPR,214,C.J. Stroud,HOU,QB28
214,Full PPR,215,New Orleans Saints,NO,DST10
215,Full PPR,216,Tyquan Thornton,NE,WR88
216,Full PPR,217,Jimmy Garoppolo,LV,QB29
217,Full PPR,218,Corey Davis,NYJ,WR89
218,Full PPR,219,Josh Downs,IND,WR90
219,Full PPR,220,Pittsburgh Steelers,PIT,DST11
220,Full PPR,221,Mac Jones,NE,QB30
221,Full PPR,222,Younghoe Koo,ATL,K6
222,Full PPR,223,Terrace Marshall Jr.,CAR,WR91
223,Full PPR,224,Jason Sanders,MIA,K7
224,Full PPR,225,Cincinnati Bengals,CIN,DST12
225,Full PPR,226,Miami Dolphins,MIA,DST13
226,Full PPR,227,Noah Fant,SEA,TE26
227,Full PPR,228,Tyjae Spears,TEN,RB61
228,Full PPR,229,Brandon McManus,JAC,K8
229,Full PPR,230,Zach Ertz,ARI,TE27
230,Full PPR,231,Joshua Kelley,LAC,RB62
231,Full PPR,232,Michael Carter,NYJ,RB63
232,Full PPR,233,Leonard Fournette,FA,RB64
233,Full PPR,234,Jake Elliott,PHI,K9
234,Full PPR,235,Jason Myers,SEA,K10
235,Full PPR,236,Tampa Bay Buccaneers,TB,DST14
236,Full PPR,237,Washington Commanders,WAS,DST15
237,Full PPR,238,Cleveland Browns,CLE,DST16
238,Full PPR,239,Kareem Hunt,FA,RB65
239,Full PPR,240,Khalil Shakir,BUF,WR92
240,Full PPR,241,Green Bay Packers,GB,DST17
241,Full PPR,242,Russell Gage,TB,WR93
242,Full PPR,243,Desmond Ridder,ATL,QB31
243,Full PPR,244,Los Angeles Chargers,LAC,DST18
244,Full PPR,245,Matt Gay,IND,K11
245,Full PPR,246,Richie James Jr.,KC,WR94
246,Full PPR,247,Michael Mayer,LV,TE28
247,Full PPR,248,Mack Hollins,ATL,WR95
248,Full PPR,249,Chase Edmonds,TB,RB66
249,Full PPR,250,Marvin Jones Jr.,DET,WR96
250,Full PPR,251,Graham Gano,NYG,K12
251,Full PPR,252,Sterling Shepard,NYG,WR97
252,Full PPR,253,Josh Reynolds,DET,WR98
253,Full PPR,254,Greg Joseph,MIN,K13
254,Full PPR,255,Tank Dell,HOU,WR99
255,Full PPR,256,Taysom Hill,NO,TE29
256,Full PPR,257,Greg Zuerlein,NYJ,K14
257,Full PPR,258,Indianapolis Colts,IND,DST19
258,Full PPR,259,Nick Folk,NE,K15
259,Full PPR,260,Jacksonville Jaguars,JAC,DST20
260,Full PPR,261,Chase Brown,CIN,RB67
261,Full PPR,262,Cade Otton,TB,TE30
262,Full PPR,263,Kendrick Bourne,NE,WR100
263,Full PPR,264,Jake Ferguson,DAL,TE31
264,Full PPR,265,Jelani Woods,IND,TE32
265,Full PPR,266,Wil Lutz,NO,K16
266,Full PPR,267,Pierre Strong Jr.,NE,RB68
267,Full PPR,268,Logan Thomas,WAS,TE33
268,Full PPR,269,Isaiah Likely,BAL,TE34
269,Full PPR,270,Baker Mayfield,TB,QB32
270,Full PPR,271,Kyren Williams,LAR,RB69
271,Full PPR,272,Isaiah McKenzie,IND,WR101
272,Full PPR,273,Zach Evans,LAR,RB70
273,Full PPR,274,Tyler Conklin,NYJ,TE35
274,Full PPR,275,Matt Prater,ARI,K17
275,Full PPR,276,Los Angeles Rams,LAR,DST21
276,Full PPR,277,Luke Musgrave,GB,TE36
277,Full PPR,278,Carolina Panthers,CAR,DST22
278,Full PPR,279,Quez Watkins,PHI,WR102
279,Full PPR,280,Laviska Shenault Jr.,CAR,WR103
280,Full PPR,281,Ty Chandler,MIN,RB71
281,Full PPR,282,Chris Boswell,PIT,K18
282,Full PPR,283,Puka Nacua,LAR,WR104
283,Full PPR,284,Isaiah Spiller,LAC,RB72
284,Full PPR,285,Riley Patterson,DET,K19
285,Full PPR,286,Braxton Berrios,MIA,WR105
286,Full PPR,287,Seattle Seahawks,SEA,DST23
287,Full PPR,288,Cedric Tillman,CLE,WR106
288,Full PPR,289,Jake Moody,SF,K20
289,Full PPR,290,Dustin Hopkins,LAC,K21
290,Full PPR,291,New York Giants,NYG,DST24
291,Full PPR,292,Israel Abanikanda,NYJ,RB73
292,Full PPR,293,Deuce Vaughn,DAL,RB74
293,Full PPR,294,Tennessee Titans,TEN,DST25
294,Full PPR,295,Nick Westbrook-Ikhine,TEN,WR107
295,Full PPR,296,Zack Moss,IND,RB75
296,Full PPR,297,Devin Duvernay,BAL,WR108
297,Full PPR,298,Michael Wilson,ARI,WR109
298,Full PPR,299,Cairo Santos,CHI,K22
299,Full PPR,300,Latavius Murray,BUF,RB76
300,Full PPR,301,Matt Breida,NYG,RB77
301,Full PPR,302,Justyn Ross,KC,WR110
302,Full PPR,303,D'Ernest Johnson,JAC,RB78
303,Full PPR,304,Keaontay Ingram,ARI,RB79
304,Full PPR,305,Jordan Mason,SF,RB80
305,Full PPR,306,Ka'imi Fairbairn,HOU,K23
306,Full PPR,307,JaMycal Hasty,JAC,RB81
307,Full PPR,308,Kayshon Boutte,NE,WR111
308,Full PPR,309,David Bell,CLE,WR112
309,Full PPR,310,James Robinson,NYG,RB82
310,Full PPR,311,Malik Davis,DAL,RB83
311,Full PPR,312,Evan Hull,IND,RB84
312,Full PPR,313,Detroit Lions,DET,DST26
313,Full PPR,314,Zonovan Knight,NYJ,RB85
314,Full PPR,315,DeWayne McBride,MIN,RB86
315,Full PPR,316,Greg Dortch,ARI,WR113
316,Full PPR,317,Boston Scott,PHI,RB87
317,Full PPR,318,Austin Hooper,LV,TE37
318,Full PPR,319,Daniel Bellinger,NYG,TE38
319,Full PPR,320,Trey Lance,SF,QB33
320,Full PPR,321,Sean Tucker,TB,RB88
321,Full PPR,322,Chris Evans,CIN,RB89
322,Full PPR,323,Michael Badgley,WAS,K24
323,Full PPR,324,Minnesota Vikings,MIN,DST27
324,Full PPR,325,Nelson Agholor,BAL,WR114
325,Full PPR,326,Tutu Atwell,LAR,WR115
326,Full PPR,327,Kyle Philips,TEN,WR116
327,Full PPR,328,Cade York,CLE,K25
328,Full PPR,329,Hassan Haskins,TEN,RB90
329,Full PPR,330,Brett Maher,DEN,K26
330,Full PPR,331,Tyrion Davis-Price,SF,RB91
331,Full PPR,332,Jacoby Brissett,WAS,QB34
332,Full PPR,333,Ronald Jones II,DAL,RB92
333,Full PPR,334,Robbie Gould,FA,K27
334,Full PPR,335,Robbie Chosen,MIA,WR117
335,Full PPR,336,Cameron Dicker,LAC,K28
336,Full PPR,337,Deon Jackson,IND,RB93
337,Full PPR,338,Eric Gray,NYG,RB94
338,Full PPR,339,Ryan Succop,FA,K29
339,Full PPR,340,Melvin Gordon III,BAL,RB95
340,Full PPR,341,Trayveon Williams,CIN,RB96
341,Full PPR,342,Will Levis,TEN,QB35
342,Full PPR,343,KJ Hamler,FA,WR118
343,Full PPR,344,Deonte Harty,BUF,WR119
344,Full PPR,345,DeeJay Dallas,SEA,RB97
345,Full PPR,346,Robert Tonyan,CHI,TE39
346,Full PPR,347,Luke Schoonmaker,DAL,TE40
347,Full PPR,348,Jauan Jennings,SF,WR120
348,Full PPR,349,Jonnu Smith,ATL,TE41
349,Full PPR,350,Eddy Pineiro,CAR,K30
350,Full PPR,351,Albert Okwuegbunam,DEN,TE42
351,Full PPR,352,Ben Skowronek,LAR,WR121
352,Full PPR,353,Noah Brown,HOU,WR122
353,Full PPR,354,Colt McCoy,ARI,QB36
354,Full PPR,355,Kyle Trask,TB,QB37
355,Full PPR,356,Salvon Ahmed,MIA,RB98
356,Full PPR,357,Foster Moreau,NO,TE43
357,Full PPR,358,Adam Trautman,DEN,TE44
358,Full PPR,359,A.T. Perry,NO,WR123
359,Full PPR,360,Jamison Crowder,NYG,WR124
360,Full PPR,361,Kenyan Drake,IND,RB99
361,Full PPR,362,Myles Gaskin,MIA,RB100
362,Full PPR,363,Xavier Hutchinson,HOU,WR125
363,Full PPR,364,Tyler Scott,CHI,WR126
364,Full PPR,365,Deneric Prince,KC,RB101
365,Full PPR,366,Arizona Cardinals,ARI,DST28
366,Full PPR,367,Rodrigo Blankenship,TB,K31
367,Full PPR,368,Olamide Zaccheaus,PHI,WR127
368,Full PPR,369,Kalif Raymond,DET,WR128
369,Full PPR,370,Darnell Washington,PIT,TE45
370,Full PPR,371,Mason Crosby,FA,K32
371,Full PPR,372,Tristan Vizcaino,FA,K33
372,Full PPR,373,Jarvis Landry,FA,WR129
373,Full PPR,374,Gardner Minshew II,IND,QB38
374,Full PPR,375,J.D. McKissic,FA,RB102
375,Full PPR,376,Calvin Austin III,PIT,WR130
376,Full PPR,377,Trent Sherfield,BUF,WR131
377,Full PPR,378,Raheem Blackshear,CAR,RB103
378,Full PPR,379,Ameer Abdullah,LV,RB104
379,Full PPR,380,Cedrick Wilson Jr.,MIA,WR132
380,Full PPR,381,Kenny McIntosh,SEA,RB105
381,Full PPR,382,Will Dissly,SEA,TE46
382,Full PPR,383,Marquez Callaway,DEN,WR133
383,Full PPR,384,Tucker Kraft,GB,TE47
384,Full PPR,385,Ke'Shawn Vaughn,TB,RB106
385,Full PPR,386,Noah Gray,KC,TE48
386,Full PPR,387,Ty Montgomery,NE,RB107
387,Full PPR,388,Donald Parham Jr.,LAC,TE49
388,Full PPR,389,Sam Darnold,SF,QB39
389,Full PPR,390,Randall Cobb,NYJ,WR134
390,Full PPR,391,Jalen Tolbert,DAL,WR135
391,Full PPR,392,Chris Rodriguez Jr.,WAS,RB108
392,Full PPR,393,Chris Moore,TEN,WR136
393,Full PPR,394,Julio Jones,FA,WR137
394,Full PPR,395,Durham Smythe,MIA,TE50
395,Full PPR,396,Demarcus Robinson,LAR,WR138
396,Full PPR,397,Kene Nwangwu,MIN,RB109
397,Full PPR,398,Houston Texans,HOU,DST29
398,Full PPR,399,Dyami Brown,WAS,WR139
399,Full PPR,400,Chad Ryland,NE,K34
400,Full PPR,401,Atlanta Falcons,ATL,DST30
401,Full PPR,402,C.J. Uzomah,NYJ,TE51
402,Full PPR,403,Trey Palmer,TB,WR140
403,Full PPR,404,Brandon Aubrey,DAL,K35
404,Full PPR,405,Justin Watson,KC,WR141
405,Full PPR,406,Demario Douglas,NE,WR142
406,Full PPR,407,Brevin Jordan,HOU,TE52
407,Full PPR,408,Jamal Agnew,JAC,WR143
408,Full PPR,409,Harrison Bryant,CLE,TE53
409,Full PPR,410,Chicago Bears,CHI,DST31
410,Full PPR,411,Taylor Heinicke,ATL,QB40
411,Full PPR,412,Denzel Mims,DET,WR144
412,Full PPR,413,Dontrell Hilliard,FA,RB110
413,Full PPR,414,Darrell Henderson Jr.,FA,RB111
414,Full PPR,415,Cole Turner,WAS,TE54
415,Full PPR,416,Darrel Williams,NO,RB112
416,Full PPR,417,Jameis Winston,NO,QB41
417,Full PPR,418,Joey Slye,WAS,K36
418,Full PPR,419,Mo Alie-Cox,IND,TE55
419,Full PPR,420,Rico Dowdle,DAL,RB113
420,Full PPR,421,Kevin Harris,NE,RB114
421,Full PPR,422,Chase McLaughlin,TB,K37
422,Full PPR,423,Charlie Jones,CIN,WR145
423,Full PPR,424,Corey Clement,ARI,RB115
424,Full PPR,425,Justice Hill,BAL,RB116
425,Full PPR,426,Parker Washington,JAC,WR146
426,Full PPR,427,Scott Miller,ATL,WR147
427,Full PPR,428,Trenton Irwin,CIN,WR148
428,Full PPR,429,Bailey Zappe,NE,QB42
429,Full PPR,430,Samori Toure,GB,WR149
430,Full PPR,431,Kylen Granson,IND,TE56
431,Full PPR,432,Anders Carlson,GB,K38
432,Full PPR,433,Tanner Brown,LAR,K39
433,Full PPR,434,Craig Reynolds,DET,RB117
434,Full PPR,435,Dontayvion Wicks,GB,WR150
435,Full PPR,436,DeAndre Carter,LV,WR151
436,Full PPR,437,Zach Pascal,ARI,WR152
437,Full PPR,438,Mike White,MIA,QB43
438,Full PPR,439,Clayton Tune,ARI,QB44
439,Full PPR,440,Kenny Golladay,FA,WR153
440,Full PPR,441,Jordan Akins,CLE,TE57
441,Full PPR,442,Andrei Iosivas,CIN,WR154
442,Full PPR,443,Ty Johnson,FA,RB118
443,Full PPR,444,Justin Shorter,BUF,WR155
444,Full PPR,445,Kyle Juszczyk,SF,RB119
445,Full PPR,446,Jeremy Ruckert,NYJ,TE58
446,Full PPR,447,Keaton Mitchell,BAL,RB120
447,Full PPR,448,Demetric Felton Jr.,CLE,RB121
448,Full PPR,449,Josh Oliver,MIN,TE59
449,Full PPR,450,Caleb Shudak,TEN,K40
450,Full PPR,451,Jalen Nailor,MIN,WR156
451,Full PPR,452,Tre'Quan Smith,NO,WR157
452,Full PPR,453,Brenton Strange,JAC,TE60
453,Full PPR,454,Tre Tucker,LV,WR158
454,Full PPR,455,Las Vegas Raiders,LV,DST32
455,Full PPR,456,Randy Bullock,FA,K41
456,Full PPR,457,Rex Burkhead,FA,RB122
457,Full PPR,458,Tyler Huntley,BAL,QB45
458,Full PPR,459,Jalen Guyton,LAC,WR159
459,Full PPR,460,Tyler Davis,FA,K42
460,Full PPR,461,Julius Chestnut,TEN,RB123
461,Full PPR,462,Mike Boone,HOU,RB124
462,Full PPR,463,David Moore,TB,WR160
463,Full PPR,464,Tommy Tremble,CAR,TE61
464,Full PPR,465,Carson Wentz,FA,QB46
465,Full PPR,466,Peyton Hendershot,DAL,TE62
466,Full PPR,467,Jalen Reagor,MIN,WR161
467,Full PPR,468,Anthony McFarland Jr.,PIT,RB125
468,Full PPR,469,Tyler Badie,DEN,RB126
469,Full PPR,470,Equanimeous St. Brown,CHI,WR162
470,Full PPR,471,Zach Wilson,NYJ,QB47
471,Full PPR,472,Zane Gonzalez,SF,K43
472,Full PPR,473,Brandon Bolden,LV,RB127
473,Full PPR,474,Tony Jones Jr.,DEN,RB128
474,Full PPR,475,KhaDarel Hodge,ATL,WR163
475,Full PPR,476,Trey Sermon,PHI,RB129
476,Full PPR,477,Brian Hoyer,LV,QB48
477,Full PPR,478,Elijah Higgins,MIA,TE63
478,Full PPR,479,Velus Jones Jr.,CHI,WR164
479,Full PPR,480,Marquise Goodwin,CLE,WR165
480,Full PPR,481,Ashton Dulin,IND,WR166
481,Full PPR,482,Jarrett Stidham,DEN,QB49
482,Full PPR,483,Elliott Fry,FA,K44
483,Full PPR,484,Colby Parkinson,SEA,TE64
484,Full PPR,485,Andy Dalton,CAR,QB50
485,Full PPR,486,Derius Davis,LAC,WR167
486,Full PPR,487,Jonathan Ward,TEN,RB130
487,Full PPR,488,Travis Homer,CHI,RB131
488,Full PPR,489,Quintez Cephus,DET,WR168
489,Full PPR,490,Erik Ezukanma,MIA,WR169
490,Full PPR,491,Malik Willis,TEN,QB51
491,Full PPR,492,Mark Ingram II,FA,RB132
492,Full PPR,493,John Bates,WAS,TE65
493,Full PPR,494,James Mitchell,DET,TE66
494,Full PPR,495,Brock Wright,DET,TE67
495,Full PPR,496,Shi Smith,CAR,WR170
496,Full PPR,497,Ty'Son Williams,ARI,RB133
497,Full PPR,498,Kendall Hinton,DEN,WR171
498,Full PPR,499,Danny Gray,SF,WR172
499,Full PPR,500,Jimmy Graham,NO,TE68
500,Full PPR,501,Alec Ingold,MIA,RB134
501,Full PPR,502,Dare Ogunbowale,HOU,RB135
502,Full PPR,503,Malik Cunningham,NE,QB52
503,Full PPR,504,Patrick Ricard,BAL,RB136
504,Full PPR,505,Mohamed Ibrahim,DET,RB137
505,Full PPR,506,Kendric Pryor,JAC,WR173
506,Full PPR,507,Josiah Deguara,GB,TE69
507,Full PPR,508,Hendon Hooker,DET,QB53
508,Full PPR,509,Eric Saubert,MIA,TE70
509,Full PPR,510,Snoop Conner,JAC,RB138
510,Full PPR,511,Jonathan Williams,WAS,RB139
511,Full PPR,512,Damien Williams,LV,RB140
512,Full PPR,513,Davis Mills,HOU,QB54
513,Full PPR,514,Dan Arnold,PHI,TE71
514,Full PPR,515,Racey McMath,TEN,WR174
515,Full PPR,516,Zack Kuntz,NYJ,TE72
516,Full PPR,517,Cameron Latu,SF,TE73
517,Full PPR,518,Brandon Powell,MIN,WR175
518,Full PPR,519,Trevor Siemian,CIN,QB55
519,Full PPR,520,Ronnie Rivers,LAR,RB141
520,Full PPR,521,Hunter Long,LAR,TE74
521,Full PPR,522,Josh Whyle,TEN,TE75
522,Full PPR,523,Nick Mullens,MIN,QB56
523,Full PPR,524,Trestan Ebner,CHI,RB142
