Scoring,Rank,Player,Team,Position
Standard Scoring,1,Christian McCaffrey,SF,RB1
Standard Scoring,2,Bijan Robinson,ATL,RB2
Standard Scoring,3,Austin Ekeler,LAC,RB3
Standard Scoring,4,Jonathan Taylor,IND,RB4
Standard Scoring,5,Nick Chubb,CLE,RB5
Standard Scoring,6,Saquon Barkley,NYG,RB6
Standard Scoring,7,Josh Jacobs,LV,RB7
Standard Scoring,8,Derrick Henry,TEN,RB8
Standard Scoring,9,Justin Jefferson,MIN,WR1
Standard Scoring,10,Tony Pollard,DAL,RB9
Standard Scoring,11,Travis Kelce,KC,TE1
Standard Scoring,12,Ja'Marr Chase,CIN,WR2
Standard Scoring,13,Tyreek Hill,MIA,WR3
Standard Scoring,14,Cooper Kupp,LAR,WR4
Standard Scoring,15,Breece Hall,NYJ,RB10
Standard Scoring,16,Stefon Diggs,BUF,WR5
Standard Scoring,17,Rhamondre Stevenson,NE,RB11
Standard Scoring,18,Mark Andrews,BAL,TE2
Standard Scoring,19,CeeDee Lamb,DAL,WR6
Standard Scoring,20,Davante Adams,LV,WR7
Standard Scoring,21,A.J. Brown,PHI,WR8
Standard Scoring,22,Najee Harris,PIT,RB12
Standard Scoring,23,Travis Etienne Jr.,JAC,RB13
Standard Scoring,24,Garrett Wilson,NYJ,WR9
Standard Scoring,25,Amon-Ra St. Brown,DET,WR10
Standard Scoring,26,Kenneth Walker III,SEA,RB14
Standard Scoring,27,Jaylen Waddle,MIA,WR11
Standard Scoring,28,Tee Higgins,CIN,WR12
Standard Scoring,29,Aaron Jones,GB,RB15
Standard Scoring,30,Chris Olave,NO,WR13
Standard Scoring,31,J.K. Dobbins,BAL,RB16
Standard Scoring,32,T.J. Hockenson,MIN,TE3
Standard Scoring,33,Joe Mixon,CIN,RB17
Standard Scoring,34,Amari Cooper,CLE,WR14
Standard Scoring,35,DeVonta Smith,PHI,WR15
Standard Scoring,36,Deebo Samuel,SF,WR16
Standard Scoring,37,Miles Sanders,CAR,RB18
Standard Scoring,38,Patrick Mahomes II,KC,QB1
Standard Scoring,39,DK Metcalf,SEA,WR17
Standard Scoring,40,Jahmyr Gibbs,DET,RB19
Standard Scoring,41,Josh Allen,BUF,QB2
Standard Scoring,42,George Kittle,SF,TE4
Standard Scoring,43,DJ Moore,CHI,WR18
Standard Scoring,44,Cam Akers,LAR,RB20
Standard Scoring,45,Jalen Hurts,PHI,QB3
Standard Scoring,46,Keenan Allen,LAC,WR19
Standard Scoring,47,Terry McLaurin,WAS,WR20
Standard Scoring,48,Christian Watson,GB,WR21
Standard Scoring,49,Dameon Pierce,HOU,RB21
Standard Scoring,50,Calvin Ridley,JAC,WR22
Standard Scoring,51,Jerry Jeudy,DEN,WR23
Standard Scoring,52,Kyle Pitts,ATL,TE5
Standard Scoring,53,Lamar Jackson,BAL,QB4
Standard Scoring,54,James Conner,ARI,RB22
Standard Scoring,55,Drake London,ATL,WR24
Standard Scoring,56,Joe Burrow,CIN,QB5
Standard Scoring,57,Mike Williams,LAC,WR25
Standard Scoring,58,Brandon Aiyuk,SF,WR26
Standard Scoring,59,Dallas Goedert,PHI,TE6
Standard Scoring,60,Alexander Mattison,MIN,RB23
Standard Scoring,61,Isiah Pacheco,KC,RB24
Standard Scoring,62,Tyler Lockett,SEA,WR27
Standard Scoring,63,Christian Kirk,JAC,WR28
Standard Scoring,64,Chris Godwin,TB,WR29
Standard Scoring,65,Justin Fields,CHI,QB6
Standard Scoring,66,Mike Evans,TB,WR30
Standard Scoring,67,David Montgomery,DET,RB25
Standard Scoring,68,Justin Herbert,LAC,QB7
Standard Scoring,69,Darren Waller,NYG,TE7
Standard Scoring,70,Rachaad White,TB,RB26
Standard Scoring,71,D'Andre Swift,PHI,RB27
Standard Scoring,72,Michael Pittman Jr.,IND,WR31
Standard Scoring,73,DeAndre Hopkins,FA,WR32
Standard Scoring,74,Marquise Brown,ARI,WR33
Standard Scoring,75,Trevor Lawrence,JAC,QB8
Standard Scoring,76,Treylon Burks,TEN,WR34
Standard Scoring,77,Dalvin Cook,FA,RB28
Standard Scoring,78,Diontae Johnson,PIT,WR35
Standard Scoring,79,Jahan Dotson,WAS,WR36
Standard Scoring,80,Brian Robinson Jr.,WAS,RB29
Standard Scoring,81,George Pickens,PIT,WR37
Standard Scoring,82,Javonte Williams,DEN,RB30
Standard Scoring,83,Jordan Addison,MIN,WR38
Standard Scoring,84,Alvin Kamara,NO,RB31
Standard Scoring,85,Gabe Davis,BUF,WR39
Standard Scoring,86,Pat Freiermuth,PIT,TE8
Standard Scoring,87,Khalil Herbert,CHI,RB32
Standard Scoring,88,James Cook,BUF,RB33
Standard Scoring,89,Kadarius Toney,KC,WR40
Standard Scoring,90,Deshaun Watson,CLE,QB9
Standard Scoring,91,Jaxon Smith-Njigba,SEA,WR41
Standard Scoring,92,Dak Prescott,DAL,QB10
Standard Scoring,93,AJ Dillon,GB,RB34
Standard Scoring,94,Evan Engram,JAC,TE9
Standard Scoring,95,Rashaad Penny,PHI,RB35
Standard Scoring,96,Courtland Sutton,DEN,WR42
Standard Scoring,97,David Njoku,CLE,TE10
Standard Scoring,98,Jamaal Williams,NO,RB36
Standard Scoring,99,Brandin Cooks,DAL,WR43
Standard Scoring,100,Tua Tagovailoa,MIA,QB11
Standard Scoring,101,Daniel Jones,NYG,QB12
Standard Scoring,102,Quentin Johnston,LAC,WR44
Standard Scoring,103,Rashod Bateman,BAL,WR45
Standard Scoring,104,Damien Harris,BUF,RB37
Standard Scoring,105,Kirk Cousins,MIN,QB13
Standard Scoring,106,Geno Smith,SEA,QB14
Standard Scoring,107,Chigoziem Okonkwo,TEN,TE11
Standard Scoring,108,Antonio Gibson,WAS,RB38
Standard Scoring,109,Samaje Perine,DEN,RB39
Standard Scoring,110,Aaron Rodgers,NYJ,QB15
Standard Scoring,111,JuJu Smith-Schuster,NE,WR46
Standard Scoring,112,Elijah Mitchell,SF,RB40
Standard Scoring,113,Jared Goff,DET,QB16
Standard Scoring,114,Dalton Schultz,HOU,TE12
Standard Scoring,115,Jakobi Meyers,LV,WR47
Standard Scoring,116,Cole Kmet,CHI,TE13
Standard Scoring,117,Jameson Williams,DET,WR48
Standard Scoring,118,Russell Wilson,DEN,QB17
Standard Scoring,119,Elijah Moore,CLE,WR49
Standard Scoring,120,Tyler Allgeier,ATL,RB41
Standard Scoring,121,Zach Charbonnet,SEA,RB42
Standard Scoring,122,Greg Dulcich,DEN,TE14
Standard Scoring,123,Anthony Richardson,IND,QB18
Standard Scoring,124,Michael Thomas,NO,WR50
Standard Scoring,125,Jeff Wilson Jr.,MIA,RB43
Standard Scoring,126,Allen Lazard,NYJ,WR51
Standard Scoring,127,D'Onta Foreman,CHI,RB44
Standard Scoring,128,Zay Flowers,BAL,WR52
Standard Scoring,129,Raheem Mostert,MIA,RB45
Standard Scoring,130,Darnell Mooney,CHI,WR53
Standard Scoring,131,Jerick McKinnon,KC,RB46
Standard Scoring,132,Nico Collins,HOU,WR54
Standard Scoring,133,Devin Singletary,HOU,RB47
Standard Scoring,134,Matthew Stafford,LAR,QB19
Standard Scoring,135,Derek Carr,NO,QB20
Standard Scoring,136,Tyler Higbee,LAR,TE15
Standard Scoring,137,Gerald Everett,LAC,TE16
Standard Scoring,138,DJ Chark Jr.,CAR,WR55
Standard Scoring,139,Juwan Johnson,NO,TE17
Standard Scoring,140,De'Von Achane,MIA,RB48
Standard Scoring,141,Tyler Boyd,CIN,WR56
Standard Scoring,142,San Francisco 49ers,SF,DST1
Standard Scoring,143,Taysom Hill,NO,TE18
Standard Scoring,144,Odell Beckham Jr.,BAL,WR57
Standard Scoring,145,Zay Jones,JAC,WR58
Standard Scoring,146,Dawson Knox,BUF,TE19
Standard Scoring,147,Donovan Peoples-Jones,CLE,WR59
Standard Scoring,148,Adam Thielen,CAR,WR60
Standard Scoring,149,Jordan Love,GB,QB21
Standard Scoring,150,Rondale Moore,ARI,WR61
Standard Scoring,151,Jaylen Warren,PIT,RB49
Standard Scoring,152,Dallas Cowboys,DAL,DST2
Standard Scoring,153,Buffalo Bills,BUF,DST3
Standard Scoring,154,Kenneth Gainwell,PHI,RB50
Standard Scoring,155,Kenny Pickett,PIT,QB22
Standard Scoring,156,Mike Gesicki,NE,TE20
Standard Scoring,157,Gus Edwards,BAL,RB51
Standard Scoring,158,Skyy Moore,KC,WR62
Standard Scoring,159,Michael Gallup,DAL,WR63
Standard Scoring,160,Philadelphia Eagles,PHI,DST4
Standard Scoring,161,Chuba Hubbard,CAR,RB52
Standard Scoring,162,New England Patriots,NE,DST5
Standard Scoring,163,Dalton Kincaid,BUF,TE21
Standard Scoring,164,Kendre Miller,NO,RB53
Standard Scoring,165,Bryce Young,CAR,QB23
Standard Scoring,166,Ezekiel Elliott,FA,RB54
Standard Scoring,167,Justin Tucker,BAL,K1
Standard Scoring,168,New York Jets,NYJ,DST6
Standard Scoring,169,Rashid Shaheed,NO,WR64
Standard Scoring,170,Romeo Doubs,GB,WR65
Standard Scoring,171,Kyler Murray,ARI,QB24
Standard Scoring,172,Denver Broncos,DEN,DST7
Standard Scoring,173,Clyde Edwards-Helaire,KC,RB55
Standard Scoring,174,Baltimore Ravens,BAL,DST8
Standard Scoring,175,Tyler Bass,BUF,K2
Standard Scoring,176,Cordarrelle Patterson,ATL,RB56
Standard Scoring,177,Roschon Johnson,CHI,RB57
Standard Scoring,178,Jerome Ford,CLE,RB58
Standard Scoring,179,Alec Pierce,IND,WR66
Standard Scoring,180,Daniel Carlson,LV,K3
Standard Scoring,181,Hunter Henry,NE,TE22
Standard Scoring,182,Tank Bigsby,JAC,RB59
Standard Scoring,183,C.J. Stroud,HOU,QB25
Standard Scoring,184,K.J. Osborn,MIN,WR67
Standard Scoring,185,Zamir White,LV,RB60
Standard Scoring,186,Irv Smith Jr.,CIN,TE23
Standard Scoring,187,Harrison Butker,KC,K4
Standard Scoring,188,Trey McBride,ARI,TE24
Standard Scoring,189,Jimmy Garoppolo,LV,QB26
Standard Scoring,190,Curtis Samuel,WAS,WR68
Standard Scoring,191,Evan McPherson,CIN,K5
Standard Scoring,192,Chase Claypool,CHI,WR69
Standard Scoring,193,Michael Carter,NYJ,RB61
Standard Scoring,194,Mac Jones,NE,QB27
Standard Scoring,195,Marquez Valdes-Scantling,KC,WR70
Standard Scoring,196,Hunter Renfrow,LV,WR71
Standard Scoring,197,Noah Fant,SEA,TE25
Standard Scoring,198,Wan'Dale Robinson,NYG,WR72
Standard Scoring,199,Kansas City Chiefs,KC,DST9
Standard Scoring,200,New Orleans Saints,NO,DST10
Standard Scoring,201,Zach Ertz,ARI,TE26
Standard Scoring,202,Joshua Kelley,LAC,RB62
Standard Scoring,203,Pittsburgh Steelers,PIT,DST11
Standard Scoring,204,Leonard Fournette,FA,RB63
Standard Scoring,205,Van Jefferson,LAR,WR73
Standard Scoring,206,Darius Slayton,NYG,WR74
Standard Scoring,207,Isaiah Hodgins,NYG,WR75
Standard Scoring,208,Sam LaPorta,DET,TE27
Standard Scoring,209,Tampa Bay Buccaneers,TB,DST12
Standard Scoring,210,Kareem Hunt,FA,RB64
Standard Scoring,211,Cincinnati Bengals,CIN,DST13
Standard Scoring,212,Younghoe Koo,ATL,K6
Standard Scoring,213,Chase Edmonds,TB,RB65
Standard Scoring,214,John Metchie III,HOU,WR76
Standard Scoring,215,Joshua Palmer,LAC,WR77
Standard Scoring,216,Miami Dolphins,MIA,DST14
Standard Scoring,217,Ryan Tannehill,TEN,QB28
Standard Scoring,218,Jason Sanders,MIA,K7
Standard Scoring,219,Mecole Hardman Jr.,NYJ,WR78
Standard Scoring,220,Pierre Strong Jr.,NE,RB66
Standard Scoring,221,Jelani Woods,IND,TE28
Standard Scoring,222,DeVante Parker,NE,WR79
Standard Scoring,223,Allen Robinson II,PIT,WR80
Standard Scoring,224,Tyquan Thornton,NE,WR81
Standard Scoring,225,Hayden Hurst,CAR,TE29
Standard Scoring,226,Sam Howell,WAS,QB29
Standard Scoring,227,Jalin Hyatt,NYG,WR82
Standard Scoring,228,Los Angeles Chargers,LAC,DST15
Standard Scoring,229,Washington Commanders,WAS,DST16
Standard Scoring,230,Cleveland Browns,CLE,DST17
Standard Scoring,231,Matt Gay,IND,K8
Standard Scoring,232,Brandon McManus,JAC,K9
Standard Scoring,233,Brock Purdy,SF,QB30
Standard Scoring,234,Jake Elliott,PHI,K10
Standard Scoring,235,Jonathan Mingo,CAR,WR83
Standard Scoring,236,Parris Campbell,NYG,WR84
Standard Scoring,237,Desmond Ridder,ATL,QB31
Standard Scoring,238,Michael Mayer,LV,TE30
Standard Scoring,239,Jason Myers,SEA,K11
Standard Scoring,240,Isaiah Likely,BAL,TE31
Standard Scoring,241,Nick Folk,NE,K12
Standard Scoring,242,Indianapolis Colts,IND,DST18
Standard Scoring,243,Green Bay Packers,GB,DST19
Standard Scoring,244,Robert Woods,HOU,WR85
Standard Scoring,245,Zach Evans,LAR,RB67
Standard Scoring,246,Terrace Marshall Jr.,CAR,WR86
Standard Scoring,247,Tim Patrick,DEN,WR87
Standard Scoring,248,Corey Davis,NYJ,WR88
Standard Scoring,249,Isaiah Spiller,LAC,RB68
Standard Scoring,250,Josh Downs,IND,WR89
Standard Scoring,251,Graham Gano,NYG,K13
Standard Scoring,252,Tyjae Spears,TEN,RB69
Standard Scoring,253,Rashee Rice,KC,WR90
Standard Scoring,254,Trey Lance,SF,QB32
Standard Scoring,255,Los Angeles Rams,LAR,DST20
Standard Scoring,256,Russell Gage,TB,WR91
Standard Scoring,257,Jacksonville Jaguars,JAC,DST21
Standard Scoring,258,Jayden Reed,GB,WR92
Standard Scoring,259,Chase Brown,CIN,RB70
Standard Scoring,260,Greg Joseph,MIN,K14
Standard Scoring,261,Matt Prater,ARI,K15
Standard Scoring,262,Greg Zuerlein,NYJ,K16
Standard Scoring,263,Israel Abanikanda,NYJ,RB71
Standard Scoring,264,D'Ernest Johnson,JAC,RB72
Standard Scoring,265,Boston Scott,PHI,RB73
Standard Scoring,266,Wil Lutz,NO,K17
Standard Scoring,267,Zack Moss,IND,RB74
Standard Scoring,268,Carolina Panthers,CAR,DST22
Standard Scoring,269,James Robinson,FA,RB75
Standard Scoring,270,Khalil Shakir,BUF,WR93
Standard Scoring,271,Kyren Williams,LAR,RB76
Standard Scoring,272,Cade Otton,TB,TE32
Standard Scoring,273,Logan Thomas,WAS,TE33
Standard Scoring,274,Baker Mayfield,TB,QB33
Standard Scoring,275,Marvin Jones Jr.,DET,WR94
Standard Scoring,276,Zonovan Knight,NYJ,RB77
Standard Scoring,277,Marvin Mims Jr.,DEN,WR95
Standard Scoring,278,Dustin Hopkins,LAC,K18
Standard Scoring,279,Josh Reynolds,DET,WR96
Standard Scoring,280,Mack Hollins,ATL,WR97
Standard Scoring,281,Sterling Shepard,NYG,WR98
Standard Scoring,282,Kendrick Bourne,NE,WR99
Standard Scoring,283,Chris Boswell,PIT,K19
Standard Scoring,284,Seattle Seahawks,SEA,DST23
Standard Scoring,285,New York Giants,NYG,DST24
Standard Scoring,286,Ronald Jones II,DAL,RB78
Standard Scoring,287,Isaiah McKenzie,IND,WR100
Standard Scoring,288,Tennessee Titans,TEN,DST25
Standard Scoring,289,Nyheim Hines,BUF,RB79
Standard Scoring,290,Richie James Jr.,KC,WR101
Standard Scoring,291,Riley Patterson,DET,K20
Standard Scoring,292,Daniel Bellinger,NYG,TE34
Standard Scoring,293,Matt Breida,NYG,RB80
Standard Scoring,294,Ka'imi Fairbairn,HOU,K21
Standard Scoring,295,Cairo Santos,CHI,K22
Standard Scoring,296,Luke Musgrave,GB,TE35
Standard Scoring,297,Kayshon Boutte,NE,WR102
Standard Scoring,298,JaMycal Hasty,JAC,RB81
Standard Scoring,299,Detroit Lions,DET,DST26
Standard Scoring,300,Austin Hooper,LV,TE36
Standard Scoring,301,Robbie Gould,FA,K23
Standard Scoring,302,Laviska Shenault Jr.,CAR,WR103
Standard Scoring,303,Tyler Conklin,NYJ,TE37
Standard Scoring,304,DeWayne McBride,MIN,RB82
Standard Scoring,305,Minnesota Vikings,MIN,DST27
Standard Scoring,306,Devin Duvernay,BAL,WR104
Standard Scoring,307,Tyrion Davis-Price,SF,RB83
Standard Scoring,308,Ryan Succop,FA,K24
Standard Scoring,309,Jake Moody,SF,K25
Standard Scoring,310,KJ Hamler,DEN,WR105
Standard Scoring,311,Quez Watkins,PHI,WR106
Standard Scoring,312,Nick Westbrook-Ikhine,TEN,WR107
Standard Scoring,313,Jordan Mason,SF,RB84
Standard Scoring,314,Latavius Murray,BUF,RB85
Standard Scoring,315,Michael Badgley,DET,K26
Standard Scoring,316,Arizona Cardinals,ARI,DST28
Standard Scoring,317,Hassan Haskins,TEN,RB86
Standard Scoring,318,Sean Tucker,TB,RB87
Standard Scoring,319,Deuce Vaughn,DAL,RB88
Standard Scoring,320,Jake Ferguson,DAL,TE38
Standard Scoring,321,Braxton Berrios,MIA,WR108
Standard Scoring,322,Albert Okwuegbunam,DEN,TE39
Standard Scoring,323,David Bell,CLE,WR109
Standard Scoring,324,Chris Evans,CIN,RB89
Standard Scoring,325,Malik Davis,DAL,RB90
Standard Scoring,326,Robert Tonyan,CHI,TE40
Standard Scoring,327,Ty Chandler,MIN,RB91
Standard Scoring,328,Brett Maher,FA,K27
Standard Scoring,329,Evan Hull,IND,RB92
Standard Scoring,330,Tank Dell,HOU,WR110
Standard Scoring,331,Cedric Tillman,CLE,WR111
Standard Scoring,332,Luke Schoonmaker,DAL,TE41
Standard Scoring,333,Jonnu Smith,ATL,TE42
Standard Scoring,334,Nelson Agholor,BAL,WR112
Standard Scoring,335,Eno Benjamin,NO,RB93
Standard Scoring,336,Keaontay Ingram,ARI,RB94
Standard Scoring,337,Will Levis,TEN,QB34
Standard Scoring,338,Jacoby Brissett,WAS,QB35
Standard Scoring,339,Puka Nacua,LAR,WR113
Standard Scoring,340,Eric Gray,NYG,RB95
Standard Scoring,341,Mason Crosby,FA,K28
Standard Scoring,342,Cade York,CLE,K29
Standard Scoring,343,Greg Dortch,ARI,WR114
Standard Scoring,344,J.D. McKissic,FA,RB96
Standard Scoring,345,Salvon Ahmed,MIA,RB97
Standard Scoring,346,DeeJay Dallas,SEA,RB98
Standard Scoring,347,Justyn Ross,KC,WR115
Standard Scoring,348,Julio Jones,FA,WR116
Standard Scoring,349,Rodrigo Blankenship,TB,K30
Standard Scoring,350,Melvin Gordon III,FA,RB99
Standard Scoring,351,Chosen Anderson,MIA,WR117
Standard Scoring,352,Cameron Dicker,LAC,K31
Standard Scoring,353,Foster Moreau,NO,TE43
Standard Scoring,354,Kenyan Drake,FA,RB100
Standard Scoring,355,Darnell Washington,PIT,TE44
Standard Scoring,356,Jarvis Landry,FA,WR118
Standard Scoring,357,Kyle Philips,TEN,WR119
Standard Scoring,358,Myles Gaskin,MIA,RB101
Standard Scoring,359,Chicago Bears,CHI,DST29
Standard Scoring,360,Tutu Atwell,LAR,WR120
Standard Scoring,361,Jamison Crowder,NYG,WR121
Standard Scoring,362,Darrell Henderson Jr.,FA,RB102
Standard Scoring,363,Dontrell Hilliard,FA,RB103
Standard Scoring,364,Justin Jackson,FA,RB104
Standard Scoring,365,Sam Darnold,SF,QB36
Standard Scoring,366,Houston Texans,HOU,DST30
Standard Scoring,367,Michael Wilson,ARI,WR122
Standard Scoring,368,Trayveon Williams,CIN,RB105
Standard Scoring,369,Tucker Kraft,GB,TE45
Standard Scoring,370,Colt McCoy,ARI,QB37
Standard Scoring,371,Atlanta Falcons,ATL,DST31
Standard Scoring,372,Adam Trautman,DEN,TE46
Standard Scoring,373,Darrel Williams,FA,RB106
Standard Scoring,374,Will Dissly,SEA,TE47
Standard Scoring,375,Eddy Pineiro,CAR,K32
Standard Scoring,376,Tristan Vizcaino,DAL,K33
Standard Scoring,377,Gardner Minshew II,IND,QB38
Standard Scoring,378,Xavier Hutchinson,HOU,WR123
Standard Scoring,379,Brevin Jordan,HOU,TE48
Standard Scoring,380,Kenny McIntosh,SEA,RB107
Standard Scoring,381,Jameis Winston,NO,QB39
Standard Scoring,382,Deonte Harty,BUF,WR124
Standard Scoring,383,Chase McLaughlin,TB,K34
Standard Scoring,384,Deon Jackson,IND,RB108
Standard Scoring,385,Ben Skowronek,LAR,WR125
Standard Scoring,386,Donald Parham Jr.,LAC,TE49
Standard Scoring,387,Mo Alie-Cox,IND,TE50
Standard Scoring,388,Noah Gray,KC,TE51
Standard Scoring,389,Jauan Jennings,SF,WR126
Standard Scoring,390,A.T. Perry,NO,WR127
Standard Scoring,391,Noah Brown,HOU,WR128
Standard Scoring,392,Ke'Shawn Vaughn,TB,RB109
Standard Scoring,393,Durham Smythe,MIA,TE52
Standard Scoring,394,Chris Moore,TEN,WR129
Standard Scoring,395,Kenny Golladay,FA,WR130
Standard Scoring,396,Kalif Raymond,DET,WR131
Standard Scoring,397,Harrison Bryant,CLE,TE53
Standard Scoring,398,Rex Burkhead,FA,RB110
Standard Scoring,399,Las Vegas Raiders,LV,DST32
Standard Scoring,400,Tyler Scott,CHI,WR132
Standard Scoring,401,Kyle Trask,TB,QB40
Standard Scoring,402,C.J. Uzomah,NYJ,TE54
Standard Scoring,403,Mark Ingram II,FA,RB111
Standard Scoring,404,Chris Rodriguez Jr.,WAS,RB112
Standard Scoring,405,Ty Johnson,FA,RB113
Standard Scoring,406,Olamide Zaccheaus,PHI,WR133
Standard Scoring,407,Ameer Abdullah,LV,RB114
Standard Scoring,408,Kevin Harris,NE,RB115
Standard Scoring,409,Anders Carlson,GB,K35
Standard Scoring,410,Taylor Heinicke,ATL,QB41
Standard Scoring,411,Marlon Mack,FA,RB116
Standard Scoring,412,Tyler Davis,FA,K36
Standard Scoring,413,Joey Slye,WAS,K37
Standard Scoring,414,Randy Bullock,FA,K38
Standard Scoring,415,Chad Ryland,NE,K39
Standard Scoring,416,Ty Montgomery,NE,RB117
Standard Scoring,417,Marquez Callaway,DEN,WR134
Standard Scoring,418,Randall Cobb,NYJ,WR135
Standard Scoring,419,Jalen Tolbert,DAL,WR136
Standard Scoring,420,Raheem Blackshear,CAR,RB118
Standard Scoring,421,Corey Clement,ARI,RB119
Standard Scoring,422,Bailey Zappe,NE,QB42
Standard Scoring,423,Peyton Hendershot,DAL,TE55
Standard Scoring,424,O.J. Howard,LV,TE56
Standard Scoring,425,Jordan Akins,CLE,TE57
Standard Scoring,426,Kylen Granson,IND,TE58
Standard Scoring,427,Cedrick Wilson Jr.,MIA,WR137
Standard Scoring,428,Craig Reynolds,DET,RB120
Standard Scoring,429,Mike White,MIA,QB43
Standard Scoring,430,Justin Watson,KC,WR138
Standard Scoring,431,Brock Wright,DET,TE59
Standard Scoring,432,Kene Nwangwu,MIN,RB121
Standard Scoring,433,Tony Jones Jr.,DEN,RB122
Standard Scoring,434,Carson Wentz,FA,QB44
Standard Scoring,435,Parker Washington,JAC,WR139
Standard Scoring,436,Jamal Agnew,JAC,WR140
Standard Scoring,437,Keaton Mitchell,BAL,RB123
Standard Scoring,438,Andy Dalton,CAR,QB45
Standard Scoring,439,Jalen Guyton,LAC,WR141
Standard Scoring,440,Trey Sermon,PHI,RB124
Standard Scoring,441,Brandon Bolden,LV,RB125
Standard Scoring,442,Tre'Quan Smith,NO,WR142
Standard Scoring,443,Travis Homer,CHI,RB126
Standard Scoring,444,Trent Sherfield,BUF,WR143
Standard Scoring,445,Calvin Austin III,PIT,WR144
Standard Scoring,446,Dyami Brown,WAS,WR145
Standard Scoring,447,Mike Boone,HOU,RB127
Standard Scoring,448,Brian Hoyer,LV,QB46
Standard Scoring,449,Velus Jones Jr.,CHI,WR146
Standard Scoring,450,Demarcus Robinson,LAR,WR147
Standard Scoring,451,Charlie Jones,CIN,WR148
Standard Scoring,452,Justice Hill,BAL,RB128
Standard Scoring,453,Samori Toure,GB,WR149
Standard Scoring,454,Jalen Reagor,MIN,WR150
Standard Scoring,455,Clayton Tune,ARI,QB47
Standard Scoring,456,Marquise Goodwin,CLE,WR151
Standard Scoring,457,Hendon Hooker,DET,QB48
Standard Scoring,458,Caleb Shudak,TEN,K40
Standard Scoring,459,Kyle Juszczyk,SF,RB129
Standard Scoring,460,Josh Oliver,MIN,TE60
Standard Scoring,461,Rico Dowdle,DAL,RB130
Standard Scoring,462,Gary Brightwell,NYG,RB131
Standard Scoring,463,Caleb Huntley,ATL,RB132
Standard Scoring,464,Zane Gonzalez,SF,K41
Standard Scoring,465,Elijah Higgins,MIA,TE61
Standard Scoring,466,DeAndre Carter,LV,WR152
Standard Scoring,467,Tre Tucker,LV,WR153
Standard Scoring,468,Dan Arnold,PHI,TE62
Standard Scoring,469,Trey Palmer,TB,WR154
Standard Scoring,470,Mohamed Ibrahim,DET,RB133
Standard Scoring,471,Tommy Tremble,CAR,TE63
Standard Scoring,472,Quintez Cephus,DET,WR155
Standard Scoring,473,Jarrett Stidham,DEN,QB49
Standard Scoring,474,Demetric Felton Jr.,CLE,RB134
Standard Scoring,475,Tyler Huntley,BAL,QB50
Standard Scoring,476,Scott Miller,ATL,WR156
Standard Scoring,477,Brenton Strange,JAC,TE64
Standard Scoring,478,John Bates,WAS,TE65
Standard Scoring,479,Jeremy Ruckert,NYJ,TE66
Standard Scoring,480,Trenton Irwin,CIN,WR157
Standard Scoring,481,Trestan Ebner,CHI,RB135
Standard Scoring,482,Colby Parkinson,SEA,TE67
Standard Scoring,483,Zach Wilson,NYJ,QB51
Standard Scoring,484,Ashton Dulin,IND,WR158
Standard Scoring,485,Elliott Fry,DEN,K42
Standard Scoring,486,Shi Smith,CAR,WR159
Standard Scoring,487,Zack Kuntz,NYJ,TE68
Standard Scoring,488,Matt Ryan,FA,QB52
Standard Scoring,489,Dontayvion Wicks,GB,WR160
Standard Scoring,490,Anthony McFarland Jr.,PIT,RB136
Standard Scoring,491,Andrei Iosivas,CIN,WR161
Standard Scoring,492,Malik Willis,TEN,QB53
Half PPR,1,Christian McCaffrey,SF,RB1
Half PPR,2,Austin Ekeler,LAC,RB2
Half PPR,3,Justin Jefferson,MIN,WR1
Half PPR,4,Bijan Robinson,ATL,RB3
Half PPR,5,Ja'Marr Chase,CIN,WR2
Half PPR,6,Saquon Barkley,NYG,RB4
Half PPR,7,Jonathan Taylor,IND,RB5
Half PPR,8,Travis Kelce,KC,TE1
Half PPR,9,Cooper Kupp,LAR,WR3
Half PPR,10,Nick Chubb,CLE,RB6
Half PPR,11,Tyreek Hill,MIA,WR4
Half PPR,12,Josh Jacobs,LV,RB7
Half PPR,13,Derrick Henry,TEN,RB8
Half PPR,14,Tony Pollard,DAL,RB9
Half PPR,15,Stefon Diggs,BUF,WR5
Half PPR,16,CeeDee Lamb,DAL,WR6
Half PPR,17,Rhamondre Stevenson,NE,RB10
Half PPR,18,Davante Adams,LV,WR7
Half PPR,19,A.J. Brown,PHI,WR8
Half PPR,20,Amon-Ra St. Brown,DET,WR9
Half PPR,21,Breece Hall,NYJ,RB11
Half PPR,22,Garrett Wilson,NYJ,WR10
Half PPR,23,Najee Harris,PIT,RB12
Half PPR,24,Jaylen Waddle,MIA,WR11
Half PPR,25,Mark Andrews,BAL,TE2
Half PPR,26,Travis Etienne Jr.,JAC,RB13
Half PPR,27,Tee Higgins,CIN,WR12
Half PPR,28,Chris Olave,NO,WR13
Half PPR,29,Aaron Jones,GB,RB14
Half PPR,30,DeVonta Smith,PHI,WR14
Half PPR,31,Joe Mixon,CIN,RB15
Half PPR,32,Kenneth Walker III,SEA,RB16
Half PPR,33,Patrick Mahomes II,KC,QB1
Half PPR,34,Jahmyr Gibbs,DET,RB17
Half PPR,35,Josh Allen,BUF,QB2
Half PPR,36,DK Metcalf,SEA,WR15
Half PPR,37,Jalen Hurts,PHI,QB3
Half PPR,38,T.J. Hockenson,MIN,TE3
Half PPR,39,Amari Cooper,CLE,WR16
Half PPR,40,J.K. Dobbins,BAL,RB18
Half PPR,41,Keenan Allen,LAC,WR17
Half PPR,42,Miles Sanders,CAR,RB19
Half PPR,43,Deebo Samuel,SF,WR18
Half PPR,44,Cam Akers,LAR,RB20
Half PPR,45,Dameon Pierce,HOU,RB21
Half PPR,46,DJ Moore,CHI,WR19
Half PPR,47,Calvin Ridley,JAC,WR20
Half PPR,48,George Kittle,SF,TE4
Half PPR,49,James Conner,ARI,RB22
Half PPR,50,Terry McLaurin,WAS,WR21
Half PPR,51,Lamar Jackson,BAL,QB4
Half PPR,52,Joe Burrow,CIN,QB5
Half PPR,53,Alexander Mattison,MIN,RB23
Half PPR,54,Jerry Jeudy,DEN,WR22
Half PPR,55,Drake London,ATL,WR23
Half PPR,56,Chris Godwin,TB,WR24
Half PPR,57,Rachaad White,TB,RB24
Half PPR,58,Christian Watson,GB,WR25
Half PPR,59,Dallas Goedert,PHI,TE5
Half PPR,60,D'Andre Swift,PHI,RB25
Half PPR,61,Kyle Pitts,ATL,TE6
Half PPR,62,Tyler Lockett,SEA,WR26
Half PPR,63,David Montgomery,DET,RB26
Half PPR,64,Isiah Pacheco,KC,RB27
Half PPR,65,Justin Fields,CHI,QB6
Half PPR,66,Christian Kirk,JAC,WR27
Half PPR,67,Mike Williams,LAC,WR28
Half PPR,68,Brandon Aiyuk,SF,WR29
Half PPR,69,Michael Pittman Jr.,IND,WR30
Half PPR,70,Justin Herbert,LAC,QB7
Half PPR,71,Marquise Brown,ARI,WR31
Half PPR,72,Mike Evans,TB,WR32
Half PPR,73,Diontae Johnson,PIT,WR33
Half PPR,74,Trevor Lawrence,JAC,QB8
Half PPR,75,Darren Waller,NYG,TE7
Half PPR,76,Javonte Williams,DEN,RB28
Half PPR,77,Alvin Kamara,NO,RB29
Half PPR,78,Treylon Burks,TEN,WR34
Half PPR,79,Dalvin Cook,FA,RB30
Half PPR,80,Brian Robinson Jr.,WAS,RB31
Half PPR,81,DeAndre Hopkins,FA,WR35
Half PPR,82,James Cook,BUF,RB32
Half PPR,83,AJ Dillon,GB,RB33
Half PPR,84,Khalil Herbert,CHI,RB34
Half PPR,85,Jahan Dotson,WAS,WR36
Half PPR,86,Dak Prescott,DAL,QB9
Half PPR,87,Pat Freiermuth,PIT,TE8
Half PPR,88,Evan Engram,JAC,TE9
Half PPR,89,Antonio Gibson,WAS,RB35
Half PPR,90,Deshaun Watson,CLE,QB10
Half PPR,91,George Pickens,PIT,WR37
Half PPR,92,Rashaad Penny,PHI,RB36
Half PPR,93,Jordan Addison,MIN,WR38
Half PPR,94,Jamaal Williams,NO,RB37
Half PPR,95,Damien Harris,BUF,RB38
Half PPR,96,David Njoku,CLE,TE10
Half PPR,97,Kadarius Toney,KC,WR39
Half PPR,98,Samaje Perine,DEN,RB39
Half PPR,99,Jaxon Smith-Njigba,SEA,WR40
Half PPR,100,Tua Tagovailoa,MIA,QB11
Half PPR,101,Courtland Sutton,DEN,WR41
Half PPR,102,Gabe Davis,BUF,WR42
Half PPR,103,Daniel Jones,NYG,QB12
Half PPR,104,Brandin Cooks,DAL,WR43
Half PPR,105,Quentin Johnston,LAC,WR44
Half PPR,106,Kirk Cousins,MIN,QB13
Half PPR,107,Rashod Bateman,BAL,WR45
Half PPR,108,JuJu Smith-Schuster,NE,WR46
Half PPR,109,Geno Smith,SEA,QB14
Half PPR,110,Dalton Schultz,HOU,TE11
Half PPR,111,Zach Charbonnet,SEA,RB40
Half PPR,112,Jakobi Meyers,LV,WR47
Half PPR,113,Elijah Mitchell,SF,RB41
Half PPR,114,Chigoziem Okonkwo,TEN,TE12
Half PPR,115,Michael Thomas,NO,WR48
Half PPR,116,Jerick McKinnon,KC,RB42
Half PPR,117,Aaron Rodgers,NYJ,QB15
Half PPR,118,Jeff Wilson Jr.,MIA,RB43
Half PPR,119,Elijah Moore,CLE,WR49
Half PPR,120,Tyler Allgeier,ATL,RB44
Half PPR,121,Jared Goff,DET,QB16
Half PPR,122,Raheem Mostert,MIA,RB45
Half PPR,123,Jameson Williams,DET,WR50
Half PPR,124,Cole Kmet,CHI,TE13
Half PPR,125,Allen Lazard,NYJ,WR51
Half PPR,126,Devin Singletary,HOU,RB46
Half PPR,127,Greg Dulcich,DEN,TE14
Half PPR,128,Zay Flowers,BAL,WR52
Half PPR,129,Darnell Mooney,CHI,WR53
Half PPR,130,D'Onta Foreman,CHI,RB47
Half PPR,131,De'Von Achane,MIA,RB48
Half PPR,132,Nico Collins,HOU,WR54
Half PPR,133,Rondale Moore,ARI,WR55
Half PPR,134,Russell Wilson,DEN,QB17
Half PPR,135,Anthony Richardson,IND,QB18
Half PPR,136,Zay Jones,JAC,WR56
Half PPR,137,Tyler Higbee,LAR,TE15
Half PPR,138,Tyler Boyd,CIN,WR57
Half PPR,139,Adam Thielen,CAR,WR58
Half PPR,140,Gerald Everett,LAC,TE16
Half PPR,141,DJ Chark Jr.,CAR,WR59
Half PPR,142,Jaylen Warren,PIT,RB49
Half PPR,143,Odell Beckham Jr.,BAL,WR60
Half PPR,144,Donovan Peoples-Jones,CLE,WR61
Half PPR,145,Skyy Moore,KC,WR62
Half PPR,146,Kenneth Gainwell,PHI,RB50
Half PPR,147,Michael Gallup,DAL,WR63
Half PPR,148,Juwan Johnson,NO,TE17
Half PPR,149,Romeo Doubs,GB,WR64
Half PPR,150,Kendre Miller,NO,RB51
Half PPR,151,Chuba Hubbard,CAR,RB52
Half PPR,152,Derek Carr,NO,QB19
Half PPR,153,Matthew Stafford,LAR,QB20
Half PPR,154,Gus Edwards,BAL,RB53
Half PPR,155,Mike Gesicki,NE,TE18
Half PPR,156,Hunter Renfrow,LV,WR65
Half PPR,157,Dalton Kincaid,BUF,TE19
Half PPR,158,Rashid Shaheed,NO,WR66
Half PPR,159,Dawson Knox,BUF,TE20
Half PPR,160,Alec Pierce,IND,WR67
Half PPR,161,Cordarrelle Patterson,ATL,RB54
Half PPR,162,Clyde Edwards-Helaire,KC,RB55
Half PPR,163,K.J. Osborn,MIN,WR68
Half PPR,164,Jerome Ford,CLE,RB56
Half PPR,165,Jordan Love,GB,QB21
Half PPR,166,Trey McBride,ARI,TE21
Half PPR,167,Curtis Samuel,WAS,WR69
Half PPR,168,Kenny Pickett,PIT,QB22
Half PPR,169,Irv Smith Jr.,CIN,TE22
Half PPR,170,Wan'Dale Robinson,NYG,WR70
Half PPR,171,Michael Carter,NYJ,RB57
Half PPR,172,Noah Fant,SEA,TE23
Half PPR,173,Tank Bigsby,JAC,RB58
Half PPR,174,Roschon Johnson,CHI,RB59
Half PPR,175,San Francisco 49ers,SF,DST1
Half PPR,176,Isaiah Hodgins,NYG,WR71
Half PPR,177,Ezekiel Elliott,FA,RB60
Half PPR,178,Chase Claypool,CHI,WR72
Half PPR,179,Zach Ertz,ARI,TE24
Half PPR,180,Dallas Cowboys,DAL,DST2
Half PPR,181,Buffalo Bills,BUF,DST3
Half PPR,182,Van Jefferson,LAR,WR73
Half PPR,183,Darius Slayton,NYG,WR74
Half PPR,184,Bryce Young,CAR,QB23
Half PPR,185,Philadelphia Eagles,PHI,DST4
Half PPR,186,Taysom Hill,NO,TE25
Half PPR,187,Marquez Valdes-Scantling,KC,WR75
Half PPR,188,Hunter Henry,NE,TE26
Half PPR,189,Hayden Hurst,CAR,TE27
Half PPR,190,Kyler Murray,ARI,QB24
Half PPR,191,John Metchie III,HOU,WR76
Half PPR,192,New England Patriots,NE,DST5
Half PPR,193,New York Jets,NYJ,DST6
Half PPR,194,Joshua Palmer,LAC,WR77
Half PPR,195,Sam LaPorta,DET,TE28
Half PPR,196,Zamir White,LV,RB61
Half PPR,197,Justin Tucker,BAL,K1
Half PPR,198,Tyquan Thornton,NE,WR78
Half PPR,199,Denver Broncos,DEN,DST7
Half PPR,200,Baltimore Ravens,BAL,DST8
Half PPR,201,DeVante Parker,NE,WR79
Half PPR,202,Joshua Kelley,LAC,RB62
Half PPR,203,Parris Campbell,NYG,WR80
Half PPR,204,Tyler Bass,BUF,K2
Half PPR,205,Allen Robinson II,PIT,WR81
Half PPR,206,Leonard Fournette,FA,RB63
Half PPR,207,Mecole Hardman Jr.,NYJ,WR82
Half PPR,208,Jalin Hyatt,NYG,WR83
Half PPR,209,Pierre Strong Jr.,NE,RB64
Half PPR,210,Daniel Carlson,LV,K3
Half PPR,211,Chase Edmonds,TB,RB65
Half PPR,212,C.J. Stroud,HOU,QB25
Half PPR,213,Robert Woods,HOU,WR84
Half PPR,214,Jonathan Mingo,CAR,WR85
Half PPR,215,Kareem Hunt,FA,RB66
Half PPR,216,Jimmy Garoppolo,LV,QB26
Half PPR,217,Harrison Butker,KC,K4
Half PPR,218,Kansas City Chiefs,KC,DST9
Half PPR,219,Evan McPherson,CIN,K5
Half PPR,220,New Orleans Saints,NO,DST10
Half PPR,221,Pittsburgh Steelers,PIT,DST11
Half PPR,222,Cincinnati Bengals,CIN,DST12
Half PPR,223,Tampa Bay Buccaneers,TB,DST13
Half PPR,224,Tim Patrick,DEN,WR86
Half PPR,225,Michael Mayer,LV,TE29
Half PPR,226,Josh Downs,IND,WR87
Half PPR,227,Terrace Marshall Jr.,CAR,WR88
Half PPR,228,Mac Jones,NE,QB27
Half PPR,229,Russell Gage,TB,WR89
Half PPR,230,Younghoe Koo,ATL,K6
Half PPR,231,Corey Davis,NYJ,WR90
Half PPR,232,Jelani Woods,IND,TE30
Half PPR,233,Miami Dolphins,MIA,DST14
Half PPR,234,Rashee Rice,KC,WR91
Half PPR,235,Brock Purdy,SF,QB28
Half PPR,236,Tyjae Spears,TEN,RB67
Half PPR,237,Jason Sanders,MIA,K7
Half PPR,238,Washington Commanders,WAS,DST15
Half PPR,239,Cleveland Browns,CLE,DST16
Half PPR,240,Los Angeles Chargers,LAC,DST17
Half PPR,241,Jayden Reed,GB,WR92
Half PPR,242,Sam Howell,WAS,QB29
Half PPR,243,Zach Evans,LAR,RB68
Half PPR,244,Ryan Tannehill,TEN,QB30
Half PPR,245,Chase Brown,CIN,RB69
Half PPR,246,Jake Elliott,PHI,K8
Half PPR,247,Khalil Shakir,BUF,WR93
Half PPR,248,Matt Gay,IND,K9
Half PPR,249,Isaiah Spiller,LAC,RB70
Half PPR,250,Jason Myers,SEA,K10
Half PPR,251,Isaiah Likely,BAL,TE31
Half PPR,252,Brandon McManus,JAC,K11
Half PPR,253,Logan Thomas,WAS,TE32
Half PPR,254,Indianapolis Colts,IND,DST18
Half PPR,255,Green Bay Packers,GB,DST19
Half PPR,256,Desmond Ridder,ATL,QB31
Half PPR,257,Israel Abanikanda,NYJ,RB71
Half PPR,258,Cade Otton,TB,TE33
Half PPR,259,Graham Gano,NYG,K12
Half PPR,260,Los Angeles Rams,LAR,DST20
Half PPR,261,Nick Folk,NE,K13
Half PPR,262,Marvin Jones Jr.,DET,WR94
Half PPR,263,Kyren Williams,LAR,RB72
Half PPR,264,Jacksonville Jaguars,JAC,DST21
Half PPR,265,Sterling Shepard,NYG,WR95
Half PPR,266,Josh Reynolds,DET,WR96
Half PPR,267,Trey Lance,SF,QB32
Half PPR,268,Greg Joseph,MIN,K14
Half PPR,269,Matt Prater,ARI,K15
Half PPR,270,D'Ernest Johnson,JAC,RB73
Half PPR,271,Marvin Mims Jr.,DEN,WR97
Half PPR,272,Nyheim Hines,BUF,RB74
Half PPR,273,Richie James Jr.,KC,WR98
Half PPR,274,Greg Zuerlein,NYJ,K16
Half PPR,275,Mack Hollins,ATL,WR99
Half PPR,276,Boston Scott,PHI,RB75
Half PPR,277,Zack Moss,IND,RB76
Half PPR,278,Carolina Panthers,CAR,DST22
Half PPR,279,Wil Lutz,NO,K17
Half PPR,280,Kendrick Bourne,NE,WR100
Half PPR,281,Isaiah McKenzie,IND,WR101
Half PPR,282,Baker Mayfield,TB,QB33
Half PPR,283,Matt Breida,NYG,RB77
Half PPR,284,Zonovan Knight,NYJ,RB78
Half PPR,285,New York Giants,NYG,DST23
Half PPR,286,Tennessee Titans,TEN,DST24
Half PPR,287,Quez Watkins,PHI,WR102
Half PPR,288,JaMycal Hasty,JAC,RB79
Half PPR,289,Seattle Seahawks,SEA,DST25
Half PPR,290,Chris Boswell,PIT,K18
Half PPR,291,Laviska Shenault Jr.,CAR,WR103
Half PPR,292,James Robinson,FA,RB80
Half PPR,293,Dustin Hopkins,LAC,K19
Half PPR,294,Nick Westbrook-Ikhine,TEN,WR104
Half PPR,295,Jordan Mason,SF,RB81
Half PPR,296,Kayshon Boutte,NE,WR105
Half PPR,297,Minnesota Vikings,MIN,DST26
Half PPR,298,Hassan Haskins,TEN,RB82
Half PPR,299,Ronald Jones II,DAL,RB83
Half PPR,300,Devin Duvernay,BAL,WR106
Half PPR,301,Cairo Santos,CHI,K20
Half PPR,302,Ka'imi Fairbairn,HOU,K21
Half PPR,303,Detroit Lions,DET,DST27
Half PPR,304,Tyler Conklin,NYJ,TE34
Half PPR,305,Riley Patterson,DET,K22
Half PPR,306,Luke Musgrave,GB,TE35
Half PPR,307,Daniel Bellinger,NYG,TE36
Half PPR,308,Braxton Berrios,MIA,WR107
Half PPR,309,DeWayne McBride,MIN,RB84
Half PPR,310,Tyrion Davis-Price,SF,RB85
Half PPR,311,Latavius Murray,BUF,RB86
Half PPR,312,Austin Hooper,LV,TE37
Half PPR,313,Sean Tucker,TB,RB87
Half PPR,314,Chris Evans,CIN,RB88
Half PPR,315,KJ Hamler,DEN,WR108
Half PPR,316,David Bell,CLE,WR109
Half PPR,317,Arizona Cardinals,ARI,DST28
Half PPR,318,Jake Ferguson,DAL,TE38
Half PPR,319,Deuce Vaughn,DAL,RB89
Half PPR,320,Robbie Gould,FA,K23
Half PPR,321,Michael Badgley,DET,K24
Half PPR,322,Ryan Succop,FA,K25
Half PPR,323,Jake Moody,SF,K26
Half PPR,324,Tank Dell,HOU,WR110
Half PPR,325,Nelson Agholor,BAL,WR111
Half PPR,326,Eno Benjamin,NO,RB90
Half PPR,327,Cedric Tillman,CLE,WR112
Half PPR,328,Salvon Ahmed,MIA,RB91
Half PPR,329,Albert Okwuegbunam,DEN,TE39
Half PPR,330,Robert Tonyan,CHI,TE40
Half PPR,331,Will Levis,TEN,QB34
Half PPR,332,Evan Hull,IND,RB92
Half PPR,333,Malik Davis,DAL,RB93
Half PPR,334,Jacoby Brissett,WAS,QB35
Half PPR,335,Luke Schoonmaker,DAL,TE41
Half PPR,336,DeeJay Dallas,SEA,RB94
Half PPR,337,Puka Nacua,LAR,WR113
Half PPR,338,Ty Chandler,MIN,RB95
Half PPR,339,Eric Gray,NYG,RB96
Half PPR,340,Jonnu Smith,ATL,TE42
Half PPR,341,Keaontay Ingram,ARI,RB97
Half PPR,342,Brett Maher,FA,K27
Half PPR,343,Melvin Gordon III,FA,RB98
Half PPR,344,Myles Gaskin,MIA,RB99
Half PPR,345,Greg Dortch,ARI,WR114
Half PPR,346,J.D. McKissic,FA,RB100
Half PPR,347,Kyle Philips,TEN,WR115
Half PPR,348,Kenyan Drake,FA,RB101
Half PPR,349,Dontrell Hilliard,FA,RB102
Half PPR,350,Justyn Ross,KC,WR116
Half PPR,351,Chosen Anderson,MIA,WR117
Half PPR,352,Darrell Henderson Jr.,FA,RB103
Half PPR,353,Mason Crosby,FA,K28
Half PPR,354,Cade York,CLE,K29
Half PPR,355,Darnell Washington,PIT,TE43
Half PPR,356,Jamison Crowder,NYG,WR118
Half PPR,357,Tutu Atwell,LAR,WR119
Half PPR,358,Jarvis Landry,FA,WR120
Half PPR,359,Julio Jones,FA,WR121
Half PPR,360,Foster Moreau,NO,TE44
Half PPR,361,Michael Wilson,ARI,WR122
Half PPR,362,Rodrigo Blankenship,TB,K30
Half PPR,363,Tucker Kraft,GB,TE45
Half PPR,364,Trayveon Williams,CIN,RB104
Half PPR,365,Justin Jackson,FA,RB105
Half PPR,366,Cameron Dicker,LAC,K31
Half PPR,367,Chicago Bears,CHI,DST29
Half PPR,368,Sam Darnold,SF,QB36
Half PPR,369,Ben Skowronek,LAR,WR123
Half PPR,370,Noah Brown,HOU,WR124
Half PPR,371,Will Dissly,SEA,TE46
Half PPR,372,Deonte Harty,BUF,WR125
Half PPR,373,Darrel Williams,FA,RB106
Half PPR,374,Adam Trautman,DEN,TE47
Half PPR,375,A.T. Perry,NO,WR126
Half PPR,376,Xavier Hutchinson,HOU,WR127
Half PPR,377,Houston Texans,HOU,DST30
Half PPR,378,Brevin Jordan,HOU,TE48
Half PPR,379,Kenny McIntosh,SEA,RB107
Half PPR,380,Jauan Jennings,SF,WR128
Half PPR,381,Colt McCoy,ARI,QB37
Half PPR,382,Noah Gray,KC,TE49
Half PPR,383,Deon Jackson,IND,RB108
Half PPR,384,Atlanta Falcons,ATL,DST31
Half PPR,385,Donald Parham Jr.,LAC,TE50
Half PPR,386,Gardner Minshew II,IND,QB38
Half PPR,387,Tyler Scott,CHI,WR129
Half PPR,388,Olamide Zaccheaus,PHI,WR130
Half PPR,389,Chris Moore,TEN,WR131
Half PPR,390,Mo Alie-Cox,IND,TE51
Half PPR,391,Harrison Bryant,CLE,TE52
Half PPR,392,C.J. Uzomah,NYJ,TE53
Half PPR,393,Mark Ingram II,FA,RB109
Half PPR,394,Marlon Mack,FA,RB110
Half PPR,395,Ameer Abdullah,LV,RB111
Half PPR,396,Marquez Callaway,DEN,WR132
Half PPR,397,Kalif Raymond,DET,WR133
Half PPR,398,Jameis Winston,NO,QB39
Half PPR,399,Rex Burkhead,FA,RB112
Half PPR,400,Ke'Shawn Vaughn,TB,RB113
Half PPR,401,Eddy Pineiro,CAR,K32
Half PPR,402,Tristan Vizcaino,DAL,K33
Half PPR,403,Jalen Tolbert,DAL,WR134
Half PPR,404,Ty Johnson,FA,RB114
Half PPR,405,Kevin Harris,NE,RB115
Half PPR,406,Las Vegas Raiders,LV,DST32
Half PPR,407,Chase McLaughlin,TB,K34
Half PPR,408,Kyle Trask,TB,QB40
Half PPR,409,Durham Smythe,MIA,TE54
Half PPR,410,Kylen Granson,IND,TE55
Half PPR,411,Ty Montgomery,NE,RB116
Half PPR,412,Justin Watson,KC,WR135
Half PPR,413,Peyton Hendershot,DAL,TE56
Half PPR,414,Jordan Akins,CLE,TE57
Half PPR,415,Chris Rodriguez Jr.,WAS,RB117
Half PPR,416,Randall Cobb,NYJ,WR136
Half PPR,417,Taylor Heinicke,ATL,QB41
Half PPR,418,Kene Nwangwu,MIN,RB118
Half PPR,419,Cedrick Wilson Jr.,MIA,WR137
Half PPR,420,Parker Washington,JAC,WR138
Half PPR,421,Bailey Zappe,NE,QB42
Half PPR,422,Randy Bullock,FA,K35
Half PPR,423,Kenny Golladay,FA,WR139
Half PPR,424,Craig Reynolds,DET,RB119
Half PPR,425,Brock Wright,DET,TE58
Half PPR,426,Tre'Quan Smith,NO,WR140
Half PPR,427,Trey Palmer,TB,WR141
Half PPR,428,Charlie Jones,CIN,WR142
Half PPR,429,Mike White,MIA,QB43
Half PPR,430,Velus Jones Jr.,CHI,WR143
Half PPR,431,Anders Carlson,GB,K36
Half PPR,432,Joey Slye,WAS,K37
Half PPR,433,Chad Ryland,NE,K38
Half PPR,434,Dyami Brown,WAS,WR144
Half PPR,435,Trent Sherfield,BUF,WR145
Half PPR,436,Tyler Davis,FA,K39
Half PPR,437,Raheem Blackshear,CAR,RB120
Half PPR,438,Carson Wentz,FA,QB44
Half PPR,439,Trey Sermon,PHI,RB121
Half PPR,440,Jamal Agnew,JAC,WR146
Half PPR,441,Calvin Austin III,PIT,WR147
Half PPR,442,Andy Dalton,CAR,QB45
Half PPR,443,O.J. Howard,LV,TE59
Half PPR,444,DeAndre Carter,LV,WR148
Half PPR,445,Travis Homer,CHI,RB122
Half PPR,446,Mike Boone,HOU,RB123
Half PPR,447,Justice Hill,BAL,RB124
Half PPR,448,Josh Oliver,MIN,TE60
Half PPR,449,Dontayvion Wicks,GB,WR149
Half PPR,450,Brenton Strange,JAC,TE61
Half PPR,451,Zack Kuntz,NYJ,TE62
Half PPR,452,Marquise Goodwin,CLE,WR150
Half PPR,453,Mohamed Ibrahim,DET,RB125
Half PPR,454,Rico Dowdle,DAL,RB126
Half PPR,455,Scott Miller,ATL,WR151
Half PPR,456,Keaton Mitchell,BAL,RB127
Half PPR,457,Colby Parkinson,SEA,TE63
Half PPR,458,Tommy Tremble,CAR,TE64
Half PPR,459,Dan Arnold,PHI,TE65
Half PPR,460,Jalen Guyton,LAC,WR152
Half PPR,461,Samori Toure,GB,WR153
Half PPR,462,Demarcus Robinson,LAR,WR154
Half PPR,463,Jalen Reagor,MIN,WR155
Half PPR,464,Corey Clement,ARI,RB128
Half PPR,465,Brandon Bolden,LV,RB129
Half PPR,466,Hunter Long,LAR,TE66
Half PPR,467,Caleb Huntley,ATL,RB130
Half PPR,468,Jeremy Ruckert,NYJ,TE67
Half PPR,469,Caleb Shudak,TEN,K40
Half PPR,470,Danny Gray,SF,WR156
Half PPR,471,Jarrett Stidham,DEN,QB46
Half PPR,472,Zane Gonzalez,SF,K41
Half PPR,473,Tony Jones Jr.,DEN,RB131
Half PPR,474,John Bates,WAS,TE68
Half PPR,475,Sony Michel,LAR,RB132
Half PPR,476,Shi Smith,CAR,WR157
Half PPR,477,Zach Pascal,ARI,WR158
Half PPR,478,Trestan Ebner,CHI,RB133
Half PPR,479,Quintez Cephus,DET,WR159
Half PPR,480,Josiah Deguara,GB,TE69
Half PPR,481,Clayton Tune,ARI,QB47
Half PPR,482,Kyle Juszczyk,SF,RB134
Half PPR,483,Sammy Watkins,FA,WR160
Half PPR,484,Gary Brightwell,NYG,RB135
Half PPR,485,Demetric Felton Jr.,CLE,RB136
Half PPR,486,Zach Wilson,NYJ,QB48
Half PPR,487,Trenton Irwin,CIN,WR161
Half PPR,488,James Mitchell,DET,TE70
Half PPR,489,Hendon Hooker,DET,QB49
Half PPR,490,Tiyon Evans,CAR,RB137
Half PPR,491,Cole Turner,WAS,TE71
Half PPR,492,Elijah Higgins,MIA,TE72
Half PPR,493,Tyler Huntley,BAL,QB50
Half PPR,494,Ian Thomas,CAR,TE73
Half PPR,495,Tre' McKitty,LAC,TE74
Half PPR,496,Ashton Dulin,IND,WR162
Half PPR,497,Brian Hoyer,LV,QB51
Half PPR,498,Quintin Morris,BUF,TE75
Half PPR,499,Giovanni Ricci,CAR,TE76
Half PPR,500,Dee Eskridge,SEA,WR163
Half PPR,501,Equanimeous St. Brown,CHI,WR164
Half PPR,502,Johnny Mundt,MIN,TE77
Half PPR,503,Grant Calcaterra,PHI,TE78
Half PPR,504,Cameron Brate,FA,TE79
Half PPR,505,Jesper Horsted,LV,TE80
Half PPR,506,Dante Pettis,CHI,WR165
Half PPR,507,Charlie Kolar,BAL,TE81
Half PPR,508,Cam Sims,LV,WR166
Half PPR,509,Malik Willis,TEN,QB52
Half PPR,510,Anthony McFarland Jr.,PIT,RB138
Half PPR,511,Ross Dwelley,SF,TE82
Half PPR,512,Amari Rodgers,HOU,WR167
Half PPR,513,Patrick Ricard,BAL,RB139
Half PPR,514,Drew Sample,CIN,TE83
Half PPR,515,David Sills V,NYG,WR168
Half PPR,516,Brycen Hopkins,LAR,TE84
Half PPR,517,Will Mallory,IND,TE85
Half PPR,518,T.Y. Hilton,FA,WR169
Half PPR,519,Jack Stoll,PHI,TE86
Half PPR,520,KhaDarel Hodge,ATL,WR170
Half PPR,521,Deneric Prince,KC,RB140
Half PPR,522,Teagan Quitoriano,HOU,TE87
Half PPR,523,Davis Mills,HOU,QB53
Half PPR,524,Ray-Ray McCloud III,SF,WR171
Half PPR,525,Tre Tucker,LV,WR172
Half PPR,526,Chris Manhertz,DEN,TE88
Half PPR,527,Elliott Fry,DEN,K42
Half PPR,528,Shane Zylstra,DET,TE89
Half PPR,529,Phillip Dorsett II,LV,WR173
Half PPR,530,Mike Davis,FA,RB141
Half PPR,531,Andrei Iosivas,CIN,WR174
Half PPR,532,Tyler Badie,DEN,RB142
Half PPR,533,Josh Whyle,TEN,TE90
Half PPR,534,Geoff Swaim,FA,TE91
Half PPR,535,Marcus Mariota,PHI,QB54
Half PPR,536,Jody Fortson,KC,TE92
Half PPR,537,Cameron Latu,SF,TE93
Half PPR,538,Zach Gentry,PIT,TE94
Half PPR,539,Matt Ryan,FA,QB55
Half PPR,540,Marcus Johnson,FA,WR175
Half PPR,541,Juwann Winfree,IND,WR176
Half PPR,542,Parker Hesse,ATL,TE95
Half PPR,543,Eric Saubert,MIA,TE96
Half PPR,544,James Proche II,BAL,WR177
Half PPR,545,Connor Heyward,PIT,TE97
Half PPR,546,Andrew Beck,HOU,TE98
Half PPR,547,Chris Myarick,NYG,TE99
Half PPR,548,Mitchell Wilcox,FA,TE100
Half PPR,549,Tommy Sweeney,NYG,TE101
Half PPR,550,Malcolm Brown,FA,RB143
Half PPR,551,Kendall Hinton,DEN,WR178
Half PPR,552,Tanner Hudson,CIN,TE102
Half PPR,553,Tom Kennedy,DET,WR179
Half PPR,554,Jaren Hall,MIN,QB56
Half PPR,555,MyCole Pruitt,FA,TE103
Half PPR,556,Ryan Griffin,FA,TE104
Half PPR,557,River Cracraft,MIA,WR180
Half PPR,558,Snoop Conner,JAC,RB144
Half PPR,559,Brandon Powell,MIN,WR181
Half PPR,560,Anthony Schwartz,CLE,WR182
Half PPR,561,Jalen Nailor,MIN,WR183
Half PPR,562,Zander Horvath,LAC,RB145
Half PPR,563,Dax Milne,WAS,WR184
Half PPR,564,Jason Moore Jr.,FA,WR185
Half PPR,565,Blake Proehl,MIN,WR186
Half PPR,566,Pharaoh Brown,IND,TE105
Half PPR,567,Denzel Mims,NYJ,WR187
Half PPR,568,Avery Williams,ATL,RB146
Half PPR,569,Devin Asiasi,CIN,TE106
Half PPR,570,Reggie Gilliam,BUF,RB147
Half PPR,571,Cody Hollister,FA,WR188
Half PPR,572,Bryan Edwards,NO,WR189
Half PPR,573,Byron Pringle,FA,WR190
Half PPR,574,Damiere Byrd,CAR,WR191
Half PPR,575,C.J. Ham,MIN,RB148
Half PPR,576,Nick Boyle,FA,TE107
Half PPR,577,Armani Rogers,WAS,TE108
Half PPR,578,Mike Strachan,IND,WR192
Half PPR,579,Kendall Blanton,KC,TE109
Half PPR,580,Marcedes Lewis,FA,TE110
Half PPR,581,Jeff Smith,NYG,WR193
Half PPR,582,Tim Jones,JAC,WR194
Half PPR,583,Case Keenum,HOU,QB57
Half PPR,584,Michael Bandy,FA,WR195
Half PPR,585,Rashard Higgins,FA,WR196
Half PPR,586,Davis Allen,LAR,TE111
Half PPR,587,Mitch Trubisky,PIT,QB58
Half PPR,588,Breshad Perriman,IND,WR197
Half PPR,589,Kyle Rudolph,FA,TE112
Half PPR,590,Damien Williams,FA,RB149
Half PPR,591,Miles Boykin,PIT,WR198
Half PPR,592,Montrell Washington,DEN,WR199
Half PPR,593,Tyrie Cleveland,PHI,WR200
Half PPR,594,Tylan Wallace,BAL,WR201
Half PPR,595,Ryan Griffin,FA,QB59
Half PPR,596,Tevin Coleman,FA,RB150
Full PPR,1,Christian McCaffrey,SF,RB1
Full PPR,2,Austin Ekeler,LAC,RB2
Full PPR,3,Saquon Barkley,NYG,RB3
Full PPR,4,Bijan Robinson,ATL,RB4
Full PPR,5,Justin Jefferson,MIN,WR1
Full PPR,6,Jonathan Taylor,IND,RB5
Full PPR,7,Travis Kelce,KC,TE1
Full PPR,8,Ja'Marr Chase,CIN,WR2
Full PPR,9,Josh Jacobs,LV,RB6
Full PPR,10,Tony Pollard,DAL,RB7
Full PPR,11,Cooper Kupp,LAR,WR3
Full PPR,12,Tyreek Hill,MIA,WR4
Full PPR,13,Rhamondre Stevenson,NE,RB8
Full PPR,14,Nick Chubb,CLE,RB9
Full PPR,15,Stefon Diggs,BUF,WR5
Full PPR,16,Derrick Henry,TEN,RB10
Full PPR,17,CeeDee Lamb,DAL,WR6
Full PPR,18,Davante Adams,LV,WR7
Full PPR,19,Breece Hall,NYJ,RB11
Full PPR,20,A.J. Brown,PHI,WR8
Full PPR,21,Mark Andrews,BAL,TE2
Full PPR,22,Amon-Ra St. Brown,DET,WR9
Full PPR,23,Najee Harris,PIT,RB12
Full PPR,24,Garrett Wilson,NYJ,WR10
Full PPR,25,Travis Etienne Jr.,JAC,RB13
Full PPR,26,Jaylen Waddle,MIA,WR11
Full PPR,27,Aaron Jones,GB,RB14
Full PPR,28,Tee Higgins,CIN,WR12
Full PPR,29,Chris Olave,NO,WR13
Full PPR,30,DeVonta Smith,PHI,WR14
Full PPR,31,Joe Mixon,CIN,RB15
Full PPR,32,Keenan Allen,LAC,WR15
Full PPR,33,T.J. Hockenson,MIN,TE3
Full PPR,34,Jahmyr Gibbs,DET,RB16
Full PPR,35,DK Metcalf,SEA,WR16
Full PPR,36,Kenneth Walker III,SEA,RB17
Full PPR,37,Patrick Mahomes II,KC,QB1
Full PPR,38,Josh Allen,BUF,QB2
Full PPR,39,Jalen Hurts,PHI,QB3
Full PPR,40,Amari Cooper,CLE,WR17
Full PPR,41,J.K. Dobbins,BAL,RB18
Full PPR,42,Miles Sanders,CAR,RB19
Full PPR,43,Chris Godwin,TB,WR18
Full PPR,44,Dameon Pierce,HOU,RB20
Full PPR,45,Deebo Samuel,SF,WR19
Full PPR,46,Cam Akers,LAR,RB21
Full PPR,47,Rachaad White,TB,RB22
Full PPR,48,DJ Moore,CHI,WR20
Full PPR,49,James Conner,ARI,RB23
Full PPR,50,Drake London,ATL,WR21
Full PPR,51,Terry McLaurin,WAS,WR22
Full PPR,52,George Kittle,SF,TE4
Full PPR,53,Calvin Ridley,JAC,WR23
Full PPR,54,D'Andre Swift,PHI,RB24
Full PPR,55,Dallas Goedert,PHI,TE5
Full PPR,56,Jerry Jeudy,DEN,WR24
Full PPR,57,Lamar Jackson,BAL,QB4
Full PPR,58,Michael Pittman Jr.,IND,WR25
Full PPR,59,Alexander Mattison,MIN,RB25
Full PPR,60,Tyler Lockett,SEA,WR26
Full PPR,61,Joe Burrow,CIN,QB5
Full PPR,62,Christian Watson,GB,WR27
Full PPR,63,David Montgomery,DET,RB26
Full PPR,64,Christian Kirk,JAC,WR28
Full PPR,65,Kyle Pitts,ATL,TE6
Full PPR,66,Mike Williams,LAC,WR29
Full PPR,67,Diontae Johnson,PIT,WR30
Full PPR,68,Brandon Aiyuk,SF,WR31
Full PPR,69,Marquise Brown,ARI,WR32
Full PPR,70,Isiah Pacheco,KC,RB27
Full PPR,71,Javonte Williams,DEN,RB28
Full PPR,72,Justin Fields,CHI,QB6
Full PPR,73,Alvin Kamara,NO,RB29
Full PPR,74,Darren Waller,NYG,TE7
Full PPR,75,Justin Herbert,LAC,QB7
Full PPR,76,Mike Evans,TB,WR33
Full PPR,77,Dalvin Cook,FA,RB30
Full PPR,78,DeAndre Hopkins,FA,WR34
Full PPR,79,Trevor Lawrence,JAC,QB8
Full PPR,80,Treylon Burks,TEN,WR35
Full PPR,81,James Cook,BUF,RB31
Full PPR,82,AJ Dillon,GB,RB32
Full PPR,83,Brian Robinson Jr.,WAS,RB33
Full PPR,84,Antonio Gibson,WAS,RB34
Full PPR,85,Pat Freiermuth,PIT,TE8
Full PPR,86,Khalil Herbert,CHI,RB35
Full PPR,87,Evan Engram,JAC,TE9
Full PPR,88,Dak Prescott,DAL,QB9
Full PPR,89,Deshaun Watson,CLE,QB10
Full PPR,90,Jahan Dotson,WAS,WR36
Full PPR,91,Jordan Addison,MIN,WR37
Full PPR,92,George Pickens,PIT,WR38
Full PPR,93,Jamaal Williams,NO,RB36
Full PPR,94,David Njoku,CLE,TE10
Full PPR,95,Samaje Perine,DEN,RB37
Full PPR,96,Rashaad Penny,PHI,RB38
Full PPR,97,Damien Harris,BUF,RB39
Full PPR,98,Jaxon Smith-Njigba,SEA,WR39
Full PPR,99,Tua Tagovailoa,MIA,QB11
Full PPR,100,Courtland Sutton,DEN,WR40
Full PPR,101,Kadarius Toney,KC,WR41
Full PPR,102,Daniel Jones,NYG,QB12
Full PPR,103,Brandin Cooks,DAL,WR42
Full PPR,104,JuJu Smith-Schuster,NE,WR43
Full PPR,105,Jerick McKinnon,KC,RB40
Full PPR,106,Dalton Schultz,HOU,TE11
Full PPR,107,Rashod Bateman,BAL,WR44
Full PPR,108,Kirk Cousins,MIN,QB13
Full PPR,109,Gabe Davis,BUF,WR45
Full PPR,110,Quentin Johnston,LAC,WR46
Full PPR,111,Geno Smith,SEA,QB14
Full PPR,112,Jakobi Meyers,LV,WR47
Full PPR,113,Michael Thomas,NO,WR48
Full PPR,114,Zach Charbonnet,SEA,RB41
Full PPR,115,Elijah Mitchell,SF,RB42
Full PPR,116,Jeff Wilson Jr.,MIA,RB43
Full PPR,117,Chigoziem Okonkwo,TEN,TE12
Full PPR,118,Aaron Rodgers,NYJ,QB15
Full PPR,119,Devin Singletary,HOU,RB44
Full PPR,120,Elijah Moore,CLE,WR49
Full PPR,121,Raheem Mostert,MIA,RB45
Full PPR,122,Tyler Allgeier,ATL,RB46
Full PPR,123,Cole Kmet,CHI,TE13
Full PPR,124,Rondale Moore,ARI,WR50
Full PPR,125,Jared Goff,DET,QB16
Full PPR,126,Darnell Mooney,CHI,WR51
Full PPR,127,Allen Lazard,NYJ,WR52
Full PPR,128,Tyler Higbee,LAR,TE14
Full PPR,129,Zay Jones,JAC,WR53
Full PPR,130,Jameson Williams,DET,WR54
Full PPR,131,Greg Dulcich,DEN,TE15
Full PPR,132,Tyler Boyd,CIN,WR55
Full PPR,133,De'Von Achane,MIA,RB47
Full PPR,134,Zay Flowers,BAL,WR56
Full PPR,135,Nico Collins,HOU,WR57
Full PPR,136,Russell Wilson,DEN,QB17
Full PPR,137,Anthony Richardson,IND,QB18
Full PPR,138,D'Onta Foreman,CHI,RB48
Full PPR,139,Jaylen Warren,PIT,RB49
Full PPR,140,Adam Thielen,CAR,WR58
Full PPR,141,Gerald Everett,LAC,TE16
Full PPR,142,Kenneth Gainwell,PHI,RB50
Full PPR,143,Donovan Peoples-Jones,CLE,WR59
Full PPR,144,DJ Chark Jr.,CAR,WR60
Full PPR,145,Romeo Doubs,GB,WR61
Full PPR,146,Odell Beckham Jr.,BAL,WR62
Full PPR,147,Hunter Renfrow,LV,WR63
Full PPR,148,Kendre Miller,NO,RB51
Full PPR,149,Skyy Moore,KC,WR64
Full PPR,150,Chuba Hubbard,CAR,RB52
Full PPR,151,Michael Gallup,DAL,WR65
Full PPR,152,San Francisco 49ers,SF,DST1
Full PPR,153,Juwan Johnson,NO,TE17
Full PPR,154,Cordarrelle Patterson,ATL,RB53
Full PPR,155,Derek Carr,NO,QB19
Full PPR,156,Matthew Stafford,LAR,QB20
Full PPR,157,Clyde Edwards-Helaire,KC,RB54
Full PPR,158,Trey McBride,ARI,TE18
Full PPR,159,Dallas Cowboys,DAL,DST2
Full PPR,160,Buffalo Bills,BUF,DST3
Full PPR,161,Michael Carter,NYJ,RB55
Full PPR,162,Philadelphia Eagles,PHI,DST4
Full PPR,163,Wan'Dale Robinson,NYG,WR66
Full PPR,164,Mike Gesicki,NE,TE19
Full PPR,165,Hayden Hurst,CAR,TE20
Full PPR,166,New England Patriots,NE,DST5
Full PPR,167,Ezekiel Elliott,FA,RB56
Full PPR,168,Dalton Kincaid,BUF,TE21
Full PPR,169,New York Jets,NYJ,DST6
Full PPR,170,Dawson Knox,BUF,TE22
Full PPR,171,K.J. Osborn,MIN,WR67
Full PPR,172,Justin Tucker,BAL,K1
Full PPR,173,Gus Edwards,BAL,RB57
Full PPR,174,Alec Pierce,IND,WR68
Full PPR,175,Noah Fant,SEA,TE23
Full PPR,176,Zach Ertz,ARI,TE24
Full PPR,177,Jordan Love,GB,QB21
Full PPR,178,Baltimore Ravens,BAL,DST7
Full PPR,179,Irv Smith Jr.,CIN,TE25
Full PPR,180,Denver Broncos,DEN,DST8
Full PPR,181,Curtis Samuel,WAS,WR69
Full PPR,182,Tyler Bass,BUF,K2
Full PPR,183,Rashid Shaheed,NO,WR70
Full PPR,184,Kenny Pickett,PIT,QB22
Full PPR,185,Leonard Fournette,FA,RB58
Full PPR,186,Jerome Ford,CLE,RB59
Full PPR,187,Tank Bigsby,JAC,RB60
Full PPR,188,Isaiah Hodgins,NYG,WR71
Full PPR,189,Daniel Carlson,LV,K3
Full PPR,190,Joshua Palmer,LAC,WR72
Full PPR,191,Chase Edmonds,TB,RB61
Full PPR,192,Kareem Hunt,FA,RB62
Full PPR,193,Chase Claypool,CHI,WR73
Full PPR,194,Harrison Butker,KC,K4
Full PPR,195,Joshua Kelley,LAC,RB63
Full PPR,196,Roschon Johnson,CHI,RB64
Full PPR,197,Evan McPherson,CIN,K5
Full PPR,198,Van Jefferson,LAR,WR74
Full PPR,199,Kansas City Chiefs,KC,DST9
Full PPR,200,John Metchie III,HOU,WR75
Full PPR,201,Bryce Young,CAR,QB23
Full PPR,202,Kyler Murray,ARI,QB24
Full PPR,203,Darius Slayton,NYG,WR76
Full PPR,204,Pittsburgh Steelers,PIT,DST10
Full PPR,205,Marquez Valdes-Scantling,KC,WR77
Full PPR,206,New Orleans Saints,NO,DST11
Full PPR,207,Hunter Henry,NE,TE26
Full PPR,208,Allen Robinson II,PIT,WR78
Full PPR,209,Robert Woods,HOU,WR79
Full PPR,210,Pierre Strong Jr.,NE,RB65
Full PPR,211,Cincinnati Bengals,CIN,DST12
Full PPR,212,Zamir White,LV,RB66
Full PPR,213,Parris Campbell,NYG,WR80
Full PPR,214,Tampa Bay Buccaneers,TB,DST13
Full PPR,215,Sam LaPorta,DET,TE27
Full PPR,216,Tyquan Thornton,NE,WR81
Full PPR,217,Younghoe Koo,ATL,K6
Full PPR,218,Jalin Hyatt,NYG,WR82
Full PPR,219,Miami Dolphins,MIA,DST14
Full PPR,220,Jason Sanders,MIA,K7
Full PPR,221,Mecole Hardman Jr.,NYJ,WR83
Full PPR,222,DeVante Parker,NE,WR84
Full PPR,223,Jonathan Mingo,CAR,WR85
Full PPR,224,Los Angeles Chargers,LAC,DST15
Full PPR,225,Russell Gage,TB,WR86
Full PPR,226,Washington Commanders,WAS,DST16
Full PPR,227,Cleveland Browns,CLE,DST17
Full PPR,228,Brandon McManus,JAC,K8
Full PPR,229,Jake Elliott,PHI,K9
Full PPR,230,Matt Gay,IND,K10
Full PPR,231,Michael Mayer,LV,TE28
Full PPR,232,Jason Myers,SEA,K11
Full PPR,233,C.J. Stroud,HOU,QB25
Full PPR,234,Taysom Hill,NO,TE29
Full PPR,235,Corey Davis,NYJ,WR87
Full PPR,236,Tyjae Spears,TEN,RB67
Full PPR,237,Josh Downs,IND,WR88
Full PPR,238,Jimmy Garoppolo,LV,QB26
Full PPR,239,Indianapolis Colts,IND,DST18
Full PPR,240,Green Bay Packers,GB,DST19
Full PPR,241,Nick Folk,NE,K12
Full PPR,242,Jayden Reed,GB,WR89
Full PPR,243,Terrace Marshall Jr.,CAR,WR90
Full PPR,244,Isaiah Spiller,LAC,RB68
Full PPR,245,Tim Patrick,DEN,WR91
Full PPR,246,Jelani Woods,IND,TE30
Full PPR,247,Chase Brown,CIN,RB69
Full PPR,248,Logan Thomas,WAS,TE31
Full PPR,249,Nyheim Hines,BUF,RB70
Full PPR,250,Rashee Rice,KC,WR92
Full PPR,251,Los Angeles Rams,LAR,DST20
Full PPR,252,Graham Gano,NYG,K13
Full PPR,253,Isaiah Likely,BAL,TE32
Full PPR,254,Zach Evans,LAR,RB71
Full PPR,255,Cade Otton,TB,TE33
Full PPR,256,Mac Jones,NE,QB27
Full PPR,257,Sterling Shepard,NYG,WR93
Full PPR,258,Jacksonville Jaguars,JAC,DST21
Full PPR,259,Kyren Williams,LAR,RB72
Full PPR,260,Greg Joseph,MIN,K14
Full PPR,261,Matt Prater,ARI,K15
Full PPR,262,Greg Zuerlein,NYJ,K16
Full PPR,263,Khalil Shakir,BUF,WR94
Full PPR,264,Marvin Jones Jr.,DET,WR95
Full PPR,265,Ryan Tannehill,TEN,QB28
Full PPR,266,Carolina Panthers,CAR,DST22
Full PPR,267,James Robinson,FA,RB73
Full PPR,268,Wil Lutz,NO,K17
Full PPR,269,D'Ernest Johnson,JAC,RB74
Full PPR,270,Brock Purdy,SF,QB29
Full PPR,271,Isaiah McKenzie,IND,WR96
Full PPR,272,Mack Hollins,ATL,WR97
Full PPR,273,Marvin Mims Jr.,DEN,WR98
Full PPR,274,Kendrick Bourne,NE,WR99
Full PPR,275,Israel Abanikanda,NYJ,RB75
Full PPR,276,Sam Howell,WAS,QB30
Full PPR,277,Josh Reynolds,DET,WR100
Full PPR,278,Zack Moss,IND,RB76
Full PPR,279,Zonovan Knight,NYJ,RB77
Full PPR,280,Richie James Jr.,KC,WR101
Full PPR,281,Dustin Hopkins,LAC,K18
Full PPR,282,Tyler Conklin,NYJ,TE34
Full PPR,283,Trey Lance,SF,QB31
Full PPR,284,Chris Boswell,PIT,K19
Full PPR,285,Desmond Ridder,ATL,QB32
Full PPR,286,JaMycal Hasty,JAC,RB78
Full PPR,287,Seattle Seahawks,SEA,DST23
Full PPR,288,Boston Scott,PHI,RB79
Full PPR,289,New York Giants,NYG,DST24
Full PPR,290,Matt Breida,NYG,RB80
Full PPR,291,Tennessee Titans,TEN,DST25
Full PPR,292,Jordan Mason,SF,RB81
Full PPR,293,Riley Patterson,DET,K20
Full PPR,294,Daniel Bellinger,NYG,TE35
Full PPR,295,Quez Watkins,PHI,WR102
Full PPR,296,Ka'imi Fairbairn,HOU,K21
Full PPR,297,Cairo Santos,CHI,K22
Full PPR,298,Luke Musgrave,GB,TE36
Full PPR,299,Hassan Haskins,TEN,RB82
Full PPR,300,Robbie Gould,FA,K23
Full PPR,301,Laviska Shenault Jr.,CAR,WR103
Full PPR,302,Austin Hooper,LV,TE37
Full PPR,303,Detroit Lions,DET,DST26
Full PPR,304,Minnesota Vikings,MIN,DST27
Full PPR,305,Ryan Succop,FA,K24
Full PPR,306,DeWayne McBride,MIN,RB83
Full PPR,307,Devin Duvernay,BAL,WR104
Full PPR,308,Kayshon Boutte,NE,WR105
Full PPR,309,Nick Westbrook-Ikhine,TEN,WR106
Full PPR,310,Braxton Berrios,MIA,WR107
Full PPR,311,Jake Moody,SF,K25
Full PPR,312,Ronald Jones II,DAL,RB84
Full PPR,313,Baker Mayfield,TB,QB33
Full PPR,314,David Bell,CLE,WR108
Full PPR,315,Arizona Cardinals,ARI,DST28
Full PPR,316,Deuce Vaughn,DAL,RB85
Full PPR,317,KJ Hamler,DEN,WR109
Full PPR,318,Jake Ferguson,DAL,TE38
Full PPR,319,Michael Badgley,DET,K26
Full PPR,320,Latavius Murray,BUF,RB86
Full PPR,321,Chris Evans,CIN,RB87
Full PPR,322,Sean Tucker,TB,RB88
Full PPR,323,Tyrion Davis-Price,SF,RB89
Full PPR,324,Albert Okwuegbunam,DEN,TE39
Full PPR,325,Tank Dell,HOU,WR110
Full PPR,326,Cedric Tillman,CLE,WR111
Full PPR,327,Brett Maher,FA,K27
Full PPR,328,Ty Chandler,MIN,RB90
Full PPR,329,Robert Tonyan,CHI,TE40
Full PPR,330,Nelson Agholor,BAL,WR112
Full PPR,331,Jonnu Smith,ATL,TE41
Full PPR,332,Luke Schoonmaker,DAL,TE42
Full PPR,333,Evan Hull,IND,RB91
Full PPR,334,Keaontay Ingram,ARI,RB92
Full PPR,335,Eno Benjamin,NO,RB93
Full PPR,336,Puka Nacua,LAR,WR113
Full PPR,337,Malik Davis,DAL,RB94
Full PPR,338,Greg Dortch,ARI,WR114
Full PPR,339,Mason Crosby,FA,K28
Full PPR,340,DeeJay Dallas,SEA,RB95
Full PPR,341,Eric Gray,NYG,RB96
Full PPR,342,Salvon Ahmed,MIA,RB97
Full PPR,343,Cade York,CLE,K29
Full PPR,344,Justyn Ross,KC,WR115
Full PPR,345,Chosen Anderson,MIA,WR116
Full PPR,346,Kyle Philips,TEN,WR117
Full PPR,347,Jarvis Landry,FA,WR118
Full PPR,348,Rodrigo Blankenship,TB,K30
Full PPR,349,Kenyan Drake,FA,RB98
Full PPR,350,Will Levis,TEN,QB34
Full PPR,351,J.D. McKissic,FA,RB99
Full PPR,352,Melvin Gordon III,FA,RB100
Full PPR,353,Cameron Dicker,LAC,K31
Full PPR,354,Myles Gaskin,MIA,RB101
Full PPR,355,Darnell Washington,PIT,TE43
Full PPR,356,Jacoby Brissett,WAS,QB35
Full PPR,357,Michael Wilson,ARI,WR119
Full PPR,358,Dontrell Hilliard,FA,RB102
Full PPR,359,Tutu Atwell,LAR,WR120
Full PPR,360,Chicago Bears,CHI,DST29
Full PPR,361,Jamison Crowder,NYG,WR121
Full PPR,362,Julio Jones,FA,WR122
Full PPR,363,Foster Moreau,NO,TE44
Full PPR,364,Darrell Henderson Jr.,FA,RB103
Full PPR,365,Trayveon Williams,CIN,RB104
Full PPR,366,Deon Jackson,IND,RB105
Full PPR,367,Houston Texans,HOU,DST30
Full PPR,368,Tucker Kraft,GB,TE45
Full PPR,369,Atlanta Falcons,ATL,DST31
Full PPR,370,Will Dissly,SEA,TE46
Full PPR,371,Deonte Harty,BUF,WR123
Full PPR,372,Ben Skowronek,LAR,WR124
Full PPR,373,Brevin Jordan,HOU,TE47
Full PPR,374,Ameer Abdullah,LV,RB106
Full PPR,375,Adam Trautman,DEN,TE48
Full PPR,376,Xavier Hutchinson,HOU,WR125
Full PPR,377,Tristan Vizcaino,DAL,K32
Full PPR,378,Eddy Pineiro,CAR,K33
Full PPR,379,Noah Brown,HOU,WR126
Full PPR,380,Chris Moore,TEN,WR127
Full PPR,381,Noah Gray,KC,TE49
Full PPR,382,Kenny McIntosh,SEA,RB107
Full PPR,383,Chase McLaughlin,TB,K34
Full PPR,384,Jauan Jennings,SF,WR128
Full PPR,385,A.T. Perry,NO,WR129
Full PPR,386,Sam Darnold,SF,QB36
Full PPR,387,Ty Montgomery,NE,RB108
Full PPR,388,Justin Jackson,FA,RB109
Full PPR,389,Tyler Scott,CHI,WR130
Full PPR,390,Durham Smythe,MIA,TE50
Full PPR,391,Mo Alie-Cox,IND,TE51
Full PPR,392,Donald Parham Jr.,LAC,TE52
Full PPR,393,Kalif Raymond,DET,WR131
Full PPR,394,Harrison Bryant,CLE,TE53
Full PPR,395,Olamide Zaccheaus,PHI,WR132
Full PPR,396,Ke'Shawn Vaughn,TB,RB110
Full PPR,397,C.J. Uzomah,NYJ,TE54
Full PPR,398,Colt McCoy,ARI,QB37
Full PPR,399,Darrel Williams,FA,RB111
Full PPR,400,Tyler Davis,FA,K35
Full PPR,401,Chris Rodriguez Jr.,WAS,RB112
Full PPR,402,Randy Bullock,FA,K36
Full PPR,403,Ty Johnson,FA,RB113
Full PPR,404,Las Vegas Raiders,LV,DST32
Full PPR,405,Gardner Minshew II,IND,QB38
Full PPR,406,Jameis Winston,NO,QB39
Full PPR,407,Marquez Callaway,DEN,WR133
Full PPR,408,Randall Cobb,NYJ,WR134
Full PPR,409,Anders Carlson,GB,K37
Full PPR,410,Jalen Tolbert,DAL,WR135
Full PPR,411,Chad Ryland,NE,K38
Full PPR,412,Rex Burkhead,FA,RB114
Full PPR,413,Marlon Mack,FA,RB115
Full PPR,414,Cedrick Wilson Jr.,MIA,WR136
Full PPR,415,Mark Ingram II,FA,RB116
Full PPR,416,Kylen Granson,IND,TE55
Full PPR,417,Joey Slye,WAS,K39
Full PPR,418,Justin Watson,KC,WR137
Full PPR,419,Kene Nwangwu,MIN,RB117
Full PPR,420,Corey Clement,ARI,RB118
Full PPR,421,Raheem Blackshear,CAR,RB119
Full PPR,422,Craig Reynolds,DET,RB120
Full PPR,423,Kevin Harris,NE,RB121
Full PPR,424,Jamal Agnew,JAC,WR138
Full PPR,425,Peyton Hendershot,DAL,TE56
Full PPR,426,Charlie Jones,CIN,WR139
Full PPR,427,Parker Washington,JAC,WR140
Full PPR,428,Kyle Trask,TB,QB40
Full PPR,429,Kenny Golladay,FA,WR141
Full PPR,430,Justice Hill,BAL,RB122
Full PPR,431,Mike White,MIA,QB41
Full PPR,432,Dyami Brown,WAS,WR142
Full PPR,433,Jordan Akins,CLE,TE57
Full PPR,434,Trent Sherfield,BUF,WR143
Full PPR,435,Kyle Juszczyk,SF,RB123
Full PPR,436,Tony Jones Jr.,DEN,RB124
Full PPR,437,Brandon Bolden,LV,RB125
Full PPR,438,Jalen Guyton,LAC,WR144
Full PPR,439,Tre'Quan Smith,NO,WR145
Full PPR,440,Travis Homer,CHI,RB126
Full PPR,441,Trey Palmer,TB,WR146
Full PPR,442,Mike Boone,HOU,RB127
Full PPR,443,DeAndre Carter,LV,WR147
Full PPR,444,Calvin Austin III,PIT,WR148
Full PPR,445,Keaton Mitchell,BAL,RB128
Full PPR,446,Trey Sermon,PHI,RB129
Full PPR,447,Taylor Heinicke,ATL,QB42
Full PPR,448,Carson Wentz,FA,QB43
Full PPR,449,Jalen Reagor,MIN,WR149
Full PPR,450,Sammy Watkins,FA,WR150
Full PPR,451,Demetric Felton Jr.,CLE,RB130
Full PPR,452,Velus Jones Jr.,CHI,WR151
Full PPR,453,Dontayvion Wicks,GB,WR152
Full PPR,454,Marquise Goodwin,CLE,WR153
Full PPR,455,Byron Pringle,FA,WR154
Full PPR,456,Andy Dalton,CAR,QB44
Full PPR,457,Rico Dowdle,DAL,RB131
Full PPR,458,Josh Oliver,MIN,TE58
Full PPR,459,Caleb Shudak,TEN,K40
Full PPR,460,Gary Brightwell,NYG,RB132
Full PPR,461,Brian Hoyer,LV,QB45
Full PPR,462,Tre Tucker,LV,WR155
Full PPR,463,Caleb Huntley,ATL,RB133
Full PPR,464,Zane Gonzalez,SF,K41
Full PPR,465,Trenton Irwin,CIN,WR156
Full PPR,466,Scott Miller,ATL,WR157
Full PPR,467,Mohamed Ibrahim,DET,RB134
Full PPR,468,Brock Wright,DET,TE59
Full PPR,469,Patrick Ricard,BAL,RB135
Full PPR,470,John Bates,WAS,TE60
Full PPR,471,O.J. Howard,LV,TE61
Full PPR,472,Sony Michel,LAR,RB136
Full PPR,473,Samori Toure,GB,WR158
Full PPR,474,Brenton Strange,JAC,TE62
Full PPR,475,Cameron Latu,SF,TE63
Full PPR,476,Hunter Long,LAR,TE64
Full PPR,477,Bailey Zappe,NE,QB46
Full PPR,478,Quintez Cephus,DET,WR159
Full PPR,479,Tyler Huntley,BAL,QB47
Full PPR,480,Shi Smith,CAR,WR160
Full PPR,481,Demarcus Robinson,LAR,WR161
Full PPR,482,Jeremy Ruckert,NYJ,TE65
Full PPR,483,Colby Parkinson,SEA,TE66
Full PPR,484,Clayton Tune,ARI,QB48
Full PPR,485,Jarrett Stidham,DEN,QB49
Full PPR,486,Jonathan Williams,WAS,RB137
Full PPR,487,Mike Davis,FA,RB138
Full PPR,488,Elliott Fry,DEN,K42
Full PPR,489,Hendon Hooker,DET,QB50
Full PPR,490,Tiyon Evans,CAR,RB139
Full PPR,491,Zack Kuntz,NYJ,TE67
Full PPR,492,Anthony McFarland Jr.,PIT,RB140
Full PPR,493,Reggie Gilliam,BUF,RB141
Full PPR,494,Tommy Tremble,CAR,TE68
Full PPR,495,Josiah Deguara,GB,TE69
Full PPR,496,Payne Durham,TB,TE70
Full PPR,497,Ashton Dulin,IND,WR162
Full PPR,498,Dan Arnold,PHI,TE71
Full PPR,499,Andrei Iosivas,CIN,WR163
Full PPR,500,C.J. Ham,MIN,RB142
Full PPR,501,Tyler Badie,DEN,RB143
Full PPR,502,Brandon Powell,MIN,WR164
Full PPR,503,Dee Eskridge,SEA,WR165
